,budget,original_language,popularity,runtime,genres_Action,genres_Adventure,genres_Animation,genres_Comedy,genres_Crime,genres_Documentary,genres_Drama,genres_Family,genres_Fantasy,genres_History,genres_Horror,genres_Music,genres_Mystery,genres_Romance,genres_Science Fiction,genres_Thriller,genres_War,The sum of genres,production_companies_Amblin Entertainment,production_companies_Columbia Pictures,production_companies_Columbia Pictures Corporation,production_companies_Dark Horse Entertainment,production_companies_DreamWorks Animation,production_companies_DreamWorks SKG,production_companies_Dune Entertainment,production_companies_Legendary Pictures,production_companies_Lionsgate,production_companies_New Line Cinema,production_companies_Paramount Pictures,production_companies_Relativity Media,production_companies_Summit Entertainment,production_companies_The Weinstein Company,production_companies_Twentieth Century Fox Film Corporation,production_companies_Universal Pictures,production_companies_Village Roadshow Pictures,production_companies_Walden Media,production_companies_Walt Disney Pictures,production_companies_Warner Bros.,The sum of production_companies,Keywords_3d,Keywords_aftercreditsstinger,Keywords_airplane,Keywords_alcohol,Keywords_alcoholism,Keywords_alien,Keywords_based on comic,Keywords_based on novel,Keywords_based on true story,Keywords_based on young adult novel,Keywords_biography,Keywords_cia,Keywords_daughter,Keywords_drug,Keywords_duringcreditsstinger,Keywords_dying and death,Keywords_dystopia,Keywords_england,Keywords_family,Keywords_female nudity,Keywords_fight,Keywords_friendship,Keywords_gore,Keywords_high school,Keywords_imax,Keywords_independent film,Keywords_infidelity,Keywords_island,Keywords_jealousy,Keywords_london england,Keywords_love,Keywords_magic,Keywords_marvel comic,Keywords_monster,Keywords_murder,Keywords_musical,Keywords_nudity,Keywords_paris,Keywords_party,Keywords_prison,Keywords_remake,Keywords_revenge,Keywords_robot,Keywords_secret,Keywords_secret identity,Keywords_sequel,Keywords_sex,Keywords_sport,Keywords_superhero,Keywords_suspense,Keywords_teenager,Keywords_vampire,Keywords_violence,Keywords_war,Keywords_witch,Keywords_woman director,The sum of Keywords,Director_name(if more than 2 for the moive)_Clint Eastwood,actor_1,actor_2,release_year,release_month,release_day,prod_countries,director
0,6800000,French,8.596012,130,0,0,0,0,0,0,1,0,0,0,0,0,1,0,0,0,1,3.0,0,0,0,0,0,0,0,0,0,0,0,0,0,0,0,0,0,0,0,0,3.0,0,0,0,0,0,0,0,0,0,0,0,0,0,0,0,0,0,0,0,0,0,0,0,0,0,0,0,0,0,0,0,0,0,0,0,0,0,0,0,1,0,0,0,0,0,0,0,0,0,0,0,0,0,0,0,0,15.0,0,Lubna Azabal,M√©lissa D√©sormeaux-Poulin,2009,04,10,Canada,Denis Villeneuve
1,16500000,English,7.829737,120,0,0,0,0,0,0,1,0,0,0,0,0,0,1,0,0,0,2.0,0,0,0,0,0,0,0,0,0,0,0,0,0,0,0,0,0,0,0,0,3.0,0,0,0,0,0,0,0,0,0,0,0,0,0,0,0,0,0,1,1,0,0,0,0,0,0,0,0,0,0,0,0,0,0,0,0,0,0,0,0,0,0,0,0,0,0,0,0,0,0,0,0,0,0,0,0,0,14.0,0,Anne Hathaway,James McAvoy,2003,02,07,United Kingdom,Julian Jarrold
2,90000000,English,17.547693,92,0,0,1,1,0,0,0,1,0,0,0,0,0,0,0,0,0,3.0,0,0,0,0,0,0,0,0,0,0,0,0,0,0,0,0,0,0,0,0,1.0,0,0,1,0,0,0,0,0,0,0,0,0,0,0,1,0,0,0,0,0,0,1,0,0,0,0,0,0,0,0,0,0,0,0,0,0,0,0,0,0,0,0,0,0,0,0,0,0,0,0,0,0,0,0,0,0,14.0,0,Tom Hanks,Tim Allen,1999,10,30,United States of America,Lee Unkrich
3,20000000,English,7.973126,114,0,1,0,1,0,0,1,0,0,0,0,0,0,1,0,0,0,4.0,0,0,0,0,0,0,0,0,0,0,0,0,1,1,0,0,0,0,0,0,3.0,0,0,0,0,0,0,0,0,0,0,0,0,0,0,0,0,0,0,0,0,0,0,0,0,0,0,0,0,0,0,0,0,0,0,0,0,0,0,0,0,0,0,0,0,0,0,0,0,0,0,0,0,0,0,0,0,2.0,0,Rachel Weisz,Adrien Brody,2009,09,08,United States of America,Rian Johnson
4,0,English,2.114833,100,0,0,0,0,0,0,1,0,0,0,0,0,0,0,0,0,0,1.0,0,0,0,0,0,0,0,0,0,0,0,0,0,0,0,0,0,0,0,0,2.0,0,0,0,0,0,0,0,0,0,0,0,0,0,0,0,0,0,0,0,0,0,0,0,0,0,1,0,0,0,0,0,0,0,0,0,0,0,0,0,0,0,0,0,0,0,0,0,0,0,0,0,0,0,0,0,0,7.0,0,Michael Sheen,Maria Bello,2009,12,10,United States of America,Shawn Ku
5,36000000,English,11.967652000000001,101,0,1,0,1,0,0,0,0,0,0,0,0,0,0,1,0,0,3.0,0,0,0,0,0,0,0,0,0,0,0,0,0,0,0,0,0,0,0,0,3.0,0,0,0,0,0,0,0,0,0,0,0,0,0,0,0,0,0,0,0,1,0,0,0,0,0,0,0,0,0,0,0,0,0,0,0,0,0,0,0,0,0,0,0,0,0,0,0,0,0,0,0,0,0,0,0,0,9.0,0,John Cusack,Lizzy Caplan,2010,03,26,United States of America,Jack Green
6,200000000,English,26.88907,194,0,0,0,0,0,0,1,0,0,0,0,0,0,1,0,1,0,3.0,0,0,0,0,0,0,0,0,0,0,1,0,0,0,1,0,0,0,0,0,3.0,1,0,0,0,0,0,0,0,0,0,0,0,0,0,0,0,0,0,0,0,0,0,0,0,1,0,0,0,0,0,1,0,0,0,0,0,0,0,0,0,0,0,0,0,0,0,0,0,0,0,0,0,0,0,0,0,19.0,0,Kate Winslet,Leonardo DiCaprio,1997,11,18,United States of America,James Cameron
7,20000000,English,14.114135999999998,101,0,0,0,1,0,0,0,0,0,0,0,0,0,1,0,0,0,2.0,0,0,0,0,0,0,0,0,1,0,0,0,0,0,0,0,0,0,0,0,5.0,0,0,0,0,0,0,0,0,0,0,0,0,0,0,1,0,0,0,0,0,0,1,0,0,0,0,0,0,0,0,0,0,0,0,0,0,0,0,0,0,0,0,0,0,0,0,1,0,0,0,0,0,0,0,0,0,12.0,0,Dane Cook,Kate Hudson,2008,09,19,United States of America,Jack Green
8,44000000,English,13.465656,128,0,0,0,0,1,0,1,0,0,0,0,0,0,0,0,1,0,3.0,0,0,0,0,0,0,0,0,0,0,0,0,0,0,0,0,0,0,0,1,4.0,0,0,0,0,0,0,0,0,0,0,0,0,0,0,0,0,0,0,0,0,0,0,0,0,0,0,0,0,0,0,0,0,0,0,0,0,0,0,0,0,0,0,0,0,0,0,0,0,0,0,0,0,0,0,0,0,3.0,0,Ben Affleck,Anna Kendrick,2016,10,14,United States of America,Seamus McGarvey
9,10000000,English,17.028854,97,0,0,0,0,0,0,0,0,0,0,1,0,1,0,0,1,0,3.0,0,0,0,0,0,0,0,0,0,0,0,0,0,0,0,0,0,0,0,0,5.0,0,0,0,0,0,0,0,0,0,0,0,0,0,0,0,0,0,1,0,0,0,0,0,0,0,0,0,0,0,0,0,0,0,0,1,0,0,0,0,0,0,0,0,0,0,0,0,0,0,0,0,0,1,0,0,0,16.0,0,Lauren Cohan,Rupert Evans,2016,01,22,United States of America,William Brent Bell
10,12000000,English,6.142913,94,0,0,0,1,0,0,1,0,0,0,0,0,0,0,0,0,0,2.0,0,0,0,0,0,0,0,0,0,0,1,0,0,0,0,0,0,0,0,0,3.0,0,0,0,0,0,0,0,0,0,0,0,0,0,0,0,0,0,0,0,0,0,0,0,0,0,0,0,0,1,0,0,0,0,0,0,0,0,0,0,0,0,0,0,0,0,0,0,0,0,0,0,0,0,0,0,0,6.0,0,Charlize Theron,Patton Oswalt,2011,12,16,United States of America,Jason Reitman
11,5000000,English,5.6152050000000004,83,0,0,0,1,0,0,0,0,0,0,1,0,0,0,0,1,0,3.0,0,0,0,0,0,0,0,0,0,0,0,0,0,0,0,0,0,0,0,0,3.0,1,0,0,0,0,0,0,0,0,0,0,0,0,0,1,0,0,0,0,0,0,0,0,0,0,0,0,0,0,0,0,0,0,0,0,0,0,0,0,0,0,0,0,0,0,1,0,0,0,0,0,0,0,0,0,0,6.0,0,Danielle Panabaker,Matt Bush,2005,11,12,United States of America,John Gulager
12,140000000,English,19.323582000000002,124,1,1,0,0,0,0,0,0,0,0,0,0,0,0,1,0,0,3.0,0,0,0,0,0,0,0,0,0,0,1,0,0,0,0,0,0,0,0,0,2.0,1,1,0,0,0,0,1,0,0,0,0,0,0,0,0,0,0,0,0,0,0,0,0,0,0,0,0,0,0,0,0,0,1,0,0,0,0,0,0,0,0,0,0,0,0,0,0,0,1,0,0,0,0,0,0,0,14.0,0,Chris Evans,Hugo Weaving,2011,07,22,United States of America,John Dexter
13,17000000,English,7.435544,122,1,0,0,0,1,0,1,0,0,0,0,0,0,0,0,1,0,4.0,0,0,0,0,0,0,0,0,0,0,0,0,0,0,0,0,0,0,0,0,4.0,0,0,0,0,0,0,0,0,0,0,0,0,0,0,0,0,0,0,0,0,0,0,0,0,0,0,0,0,0,0,0,0,0,0,0,0,0,0,0,0,0,0,0,0,0,0,0,0,0,0,0,0,0,0,0,0,12.0,0,Paul Walker,Cameron Bright,2001,06,06,Germany,Wayne Kramer
14,0,English,0.732748,90,0,0,0,0,0,1,0,0,0,0,0,0,0,0,0,0,0,1.0,0,0,0,0,0,0,0,0,0,0,0,0,0,0,0,0,0,0,0,0,3.0,0,0,0,0,0,0,0,0,0,0,0,0,0,0,0,0,0,0,0,0,0,0,0,0,0,0,0,0,0,0,0,0,0,0,0,0,0,0,0,0,0,0,0,0,0,0,0,0,0,0,0,0,0,0,0,0,3.0,0,Thomas Campbell,Shepard Fairey,2004,01,08,United States of America,Joshua Leonard
15,200000000,English,10.56812,140,1,1,0,0,0,0,0,0,0,0,0,0,0,0,0,0,0,2.0,0,0,0,0,0,0,0,0,0,0,0,1,0,0,0,1,0,0,0,0,4.0,0,0,0,0,0,0,0,0,0,0,0,0,0,0,0,0,0,0,0,0,0,0,0,0,0,0,0,0,0,0,0,0,0,0,0,0,0,0,0,0,0,0,0,0,0,0,0,0,0,0,0,0,0,0,0,0,8.0,0,Russell Crowe,Cate Blanchett,2005,12,10,United Kingdom,Ridley Scott
16,0,English,15.855108,117,0,1,0,0,0,0,1,0,1,0,0,0,0,0,0,0,0,3.0,0,0,0,0,0,0,0,0,0,0,0,0,0,0,0,0,0,0,0,0,6.0,0,0,0,0,0,0,0,0,0,0,0,0,0,0,0,0,0,0,0,0,0,0,0,0,0,0,0,0,0,0,0,0,0,0,0,0,0,0,0,0,0,0,0,0,0,0,0,0,0,0,0,0,0,0,0,0,6.0,0,Catinca Untaru,Lee Pace,2001,03,08,United States of America,Tarsem Singh
17,20000000,English,6.958086,106,0,0,0,1,0,0,0,0,0,0,0,0,0,1,0,0,0,2.0,0,0,0,0,0,0,0,0,0,0,0,0,0,0,0,0,0,0,0,0,3.0,0,0,0,0,0,0,0,1,0,0,0,0,0,0,0,0,0,0,0,0,0,0,0,0,0,0,0,0,0,0,0,0,0,0,0,0,0,0,0,0,0,0,0,0,0,0,0,0,0,0,0,0,0,0,0,0,10.0,0,Chris Evans,Anna Faris,2011,09,30,United States of America,Mark Mylod
18,40000000,English,9.698075,110,0,0,0,1,0,0,0,0,0,0,0,0,0,1,0,0,0,2.0,0,0,0,0,0,0,0,0,0,0,0,0,0,0,0,0,0,0,0,1,1.0,0,0,0,0,0,0,0,0,0,0,0,0,0,0,1,0,0,0,0,0,0,0,0,0,0,0,0,0,0,0,0,0,0,0,0,0,0,0,0,0,1,0,0,0,0,0,0,0,0,0,0,0,0,0,0,0,7.0,0,Russell Brand,Helen Mirren,2004,08,11,United States of America,Uta Briesewitz
19,0,English,8.106953,80,0,0,0,0,0,0,0,0,0,0,1,0,0,0,0,0,0,1.0,0,0,0,0,0,0,0,0,0,0,0,0,0,0,0,0,0,0,0,0,3.0,0,0,0,0,0,0,0,0,0,0,0,0,0,0,0,0,0,0,0,0,0,0,0,0,0,0,0,0,0,0,0,0,0,0,0,0,0,0,0,0,0,0,0,0,0,0,0,0,0,0,0,0,0,0,0,1,3.0,0,Natalie Brown,Melanie Lynskey,2017,02,17,United States of America,Patrick Cady
20,135000000,English,10.581925,107,0,1,1,1,0,0,0,1,0,0,0,0,0,0,0,0,0,5.0,0,0,0,0,0,0,0,0,0,0,1,0,0,0,0,0,0,0,0,0,5.0,0,0,0,0,0,0,0,0,0,0,0,0,0,0,0,0,0,0,0,0,0,0,0,0,0,0,0,0,0,0,0,0,0,0,0,0,0,0,0,0,0,0,0,0,0,0,0,0,0,0,0,0,0,0,0,0,11.0,0,Johnny Depp,Isla Fisher,2003,02,11,United States of America,Gore Verbinski
21,160000000,English,29.108148999999997,148,1,1,0,0,0,0,0,0,0,0,0,0,1,0,1,1,0,5.0,0,0,0,0,0,0,0,1,0,0,0,0,0,0,0,0,0,0,0,1,3.0,0,0,0,0,0,0,0,0,0,0,0,0,0,0,0,0,0,0,0,0,0,0,0,0,0,0,0,0,0,0,0,0,0,0,0,0,0,0,0,0,0,0,0,0,0,0,0,0,0,0,0,0,0,0,0,0,8.0,0,Leonardo DiCaprio,Joseph Gordon-Levitt,2010,07,14,United Kingdom,Christopher Nolan
22,13000000,English,12.775679,102,0,0,0,0,0,0,1,0,0,0,0,0,0,1,0,0,0,2.0,0,0,0,0,0,0,0,0,0,0,0,0,1,0,0,0,0,0,0,0,2.0,0,0,0,0,0,0,0,0,0,1,0,0,0,0,0,0,0,0,0,0,0,0,0,0,0,0,0,0,0,0,0,0,0,0,0,0,0,0,0,0,0,0,0,1,0,0,0,0,0,0,0,0,0,0,0,0,15.0,0,Logan Lerman,Emma Watson,2012,09,20,United States of America,Andrew Dunn
23,60000000,English,19.144610999999998,101,1,1,0,0,1,0,1,0,0,0,0,0,1,0,0,1,0,6.0,0,0,1,0,0,0,0,0,0,0,0,0,0,0,0,0,0,0,0,0,3.0,0,0,0,0,0,0,0,0,0,0,0,0,0,0,0,0,0,0,0,0,0,0,0,0,0,0,0,0,0,0,0,0,0,0,0,0,0,0,0,0,0,0,0,0,0,0,0,0,0,0,0,0,0,0,0,0,11.0,0,Ice Cube,Samuel L. Jackson,2005,04,27,United States of America,David Tattersall
24,40000000,English,10.793324,94,1,0,0,0,0,0,0,0,1,0,1,0,0,0,1,1,0,5.0,0,0,0,0,0,0,1,0,0,0,0,0,0,0,1,0,0,0,0,0,4.0,0,0,0,0,0,1,0,0,0,0,0,0,0,0,0,0,0,0,0,0,0,0,0,0,0,0,0,0,0,0,0,0,0,0,0,0,0,0,0,0,0,0,0,0,0,0,0,0,0,0,0,0,0,0,0,0,9.0,0,Steven Pasquale,Reiko Aylesworth,2007,12,25,United States of America,Colin Strause
25,0,English,7.313067,91,0,0,0,1,0,0,0,0,0,0,0,0,0,1,0,0,0,2.0,0,0,0,0,0,0,0,0,0,0,0,0,0,0,0,0,0,0,0,0,2.0,0,0,0,0,0,0,0,0,0,0,0,0,0,0,0,0,0,0,0,0,0,0,0,0,0,0,0,0,0,0,0,0,0,0,0,0,1,0,1,0,0,0,0,0,0,0,1,0,0,0,0,0,0,0,0,0,5.0,0,Betsy Russell,Gerard Christopher,1985,11,14,United States of America,Herb Freed
26,8500000,Thai,8.553506,98,1,1,0,0,0,0,0,0,0,0,0,0,0,0,0,1,0,3.0,0,0,0,0,0,0,0,0,0,0,0,0,0,0,0,0,0,0,0,0,1.0,0,0,0,0,0,0,0,0,0,0,0,0,0,0,0,0,0,0,0,0,0,0,0,0,0,0,0,0,0,0,0,0,0,0,0,0,0,0,0,0,0,0,0,0,0,1,0,0,0,0,0,0,0,0,0,0,1.0,0,Tony Jaa,Sarunyu Wongkrachang,2012,04,08,Thailand,Tony Jaa
27,40000000,English,7.82605,129,0,0,0,0,0,0,1,0,0,0,0,0,0,0,0,0,0,1.0,0,0,0,0,0,0,0,0,0,0,1,0,0,0,0,0,0,0,0,1,3.0,0,0,0,0,0,0,0,1,0,0,0,0,0,0,0,0,0,0,0,0,0,0,0,0,0,0,0,0,0,0,0,0,0,0,0,0,0,0,0,0,0,0,0,0,0,0,0,0,0,0,0,0,0,0,0,0,11.0,0,Thomas Horn,Tom Hanks,2011,12,24,United States of America,Stephen Daldry
28,0,English,2.150786,98,0,0,0,0,0,0,1,0,0,0,0,0,0,0,0,0,0,1.0,0,0,0,0,0,0,0,0,0,0,0,0,0,0,0,0,0,0,0,0,3.0,0,0,0,0,0,0,0,0,0,0,0,0,0,0,0,0,0,0,0,0,0,0,0,0,0,1,1,0,0,0,0,0,0,0,0,0,0,0,0,0,0,0,0,0,0,0,0,0,0,0,0,0,0,0,0,0,10.0,0,Ashley Greene,Shiloh Fernandez,2010,01,25,United States of America,Anthony Burns
29,22000000,English,7.98193,93,0,0,0,1,0,0,0,0,0,0,0,1,0,0,0,0,0,2.0,0,0,0,0,0,0,0,0,0,1,0,0,0,0,0,0,0,0,0,0,2.0,0,0,0,0,0,0,0,0,0,0,0,0,0,0,0,0,0,0,0,0,0,0,0,0,0,0,0,0,0,0,0,0,0,0,0,0,0,0,0,0,0,0,0,0,0,0,0,0,0,0,0,0,0,0,0,0,7.0,0,Jack Black,Kyle Gass,2006,11,22,United States of America,Liam Lynch
30,258000000,English,27.614265000000003,139,1,1,0,0,0,0,0,0,1,0,0,0,0,0,0,0,0,3.0,0,1,0,0,0,0,0,0,0,0,0,0,0,0,0,0,0,0,0,0,3.0,0,0,0,0,0,0,0,0,0,0,0,0,0,0,0,0,0,0,0,0,0,0,0,0,0,0,0,0,0,0,0,0,1,0,0,0,0,0,0,0,0,1,0,0,0,1,0,0,1,0,0,0,0,0,0,0,16.0,0,Tobey Maguire,Kirsten Dunst,2005,01,07,United States of America,Sam Raimi
31,75000000,English,6.548229,124,1,1,0,0,0,0,0,0,0,0,0,0,0,0,0,1,0,3.0,0,0,1,0,0,0,0,0,0,0,0,0,0,0,0,0,0,0,0,0,2.0,0,0,0,0,0,0,0,0,0,0,0,0,0,0,0,0,0,0,0,0,0,0,0,0,0,0,0,0,0,0,0,0,0,0,0,0,0,0,0,0,0,0,0,0,0,0,0,0,0,0,0,0,0,0,0,0,6.0,0,"Donnell""",Robin Tunney,2000,12,08,New Zealand,Martin Campbell
32,0,French,3.239562,104,0,0,0,1,0,0,1,0,0,0,0,0,0,0,0,0,0,2.0,0,0,0,0,0,0,0,0,0,0,0,0,0,0,0,0,0,0,0,0,3.0,0,0,0,0,0,0,0,0,0,0,0,0,0,0,0,0,0,0,0,0,0,0,0,0,0,0,0,0,0,0,0,0,0,0,0,0,0,0,0,0,0,0,0,0,0,0,0,0,0,0,0,0,0,0,0,0,1.0,0,Maya Sansa,Lambert Wilson,2013,01,16,France,Philippe Le Guay
33,30000000,English,22.089729000000002,107,0,0,0,1,0,0,0,0,1,0,0,0,0,0,0,0,0,2.0,0,0,1,0,0,0,0,0,0,0,0,0,0,0,0,0,0,0,0,0,3.0,0,0,0,0,0,0,0,0,0,0,0,0,0,0,1,0,0,0,0,0,0,0,0,0,0,0,0,0,0,0,0,0,0,0,0,0,0,0,0,0,0,0,0,0,0,0,0,0,0,0,0,0,0,0,0,0,17.0,0,Bill Murray,Dan Aykroyd,1984,06,07,United States of America,Ivan Reitman
34,0,English,6.159679,105,0,0,0,0,0,0,1,0,0,1,0,0,0,0,0,0,1,3.0,0,0,0,0,0,0,0,0,0,0,0,0,0,0,0,0,0,0,0,0,3.0,0,0,0,0,0,0,0,0,0,0,0,0,0,0,0,0,0,0,0,0,0,0,0,0,0,0,0,0,0,0,0,0,0,0,0,0,0,0,0,0,0,0,0,0,0,0,0,0,0,0,0,0,0,0,0,0,4.0,0,Matthew Fox,Tommy Lee Jones,2012,09,14,Japan,Stuart Dryburgh
35,6250000,Hindi,1.490661,144,0,0,0,1,1,0,1,0,0,0,0,0,0,0,0,0,0,3.0,0,0,0,0,0,0,0,0,0,0,0,0,0,0,0,0,0,0,0,0,1.0,0,0,0,0,0,0,0,0,0,0,0,0,0,0,0,0,0,0,0,0,0,0,0,0,0,0,0,0,0,0,0,0,0,0,0,0,0,0,0,0,0,0,0,0,0,0,0,0,0,0,0,0,0,0,0,0,3.0,0,Shahid Kapoor,Anushka Sharma,2005,07,10,India,Parmeet Sethi
36,80000000,English,8.883866000000003,87,0,1,1,0,0,0,0,1,0,0,0,0,0,0,0,0,0,3.0,0,0,0,0,0,0,0,0,0,0,0,0,0,0,0,0,0,0,0,0,7.0,1,0,0,0,0,0,0,0,0,0,0,0,0,0,0,0,0,0,0,0,0,0,0,0,0,0,0,0,0,0,0,0,0,0,0,0,0,0,0,0,0,0,0,0,0,0,0,0,0,0,0,0,0,0,0,0,2.0,0,Charlie Rowe,Justin Long,2013,12,18,Australia,Neil Nightingale
37,15000000,English,9.865944,99,0,0,0,0,0,0,1,0,0,0,0,0,0,0,0,1,0,2.0,0,0,0,0,0,0,0,0,0,0,0,0,0,0,0,0,0,0,0,0,6.0,0,0,0,0,0,0,0,1,0,0,1,0,0,0,0,0,0,0,0,0,0,0,0,0,0,0,0,0,0,0,0,0,0,0,0,0,0,0,0,0,0,0,0,0,0,0,0,0,0,0,0,0,0,0,0,0,9.0,0,Keira Knightley,Viggo Mortensen,2011,09,30,Switzerland,David Cronenberg
38,3500000,English,8.138622,79,0,0,1,0,0,0,0,0,0,0,0,0,0,0,0,0,0,1.0,0,0,0,0,0,0,0,0,0,0,0,0,0,0,0,0,0,0,0,0,3.0,0,0,0,0,0,0,1,0,0,0,0,0,0,0,0,0,0,0,0,0,0,0,0,0,0,0,0,0,0,0,0,0,0,0,0,0,0,0,0,0,0,0,0,0,0,0,0,0,0,0,0,0,0,0,0,0,4.0,0,Michelle Monaghan,Alan Tudyk,2002,02,14,United States of America,Jay Oliva
39,17000000,English,8.896678999999997,95,0,0,0,0,0,0,1,0,0,0,1,0,0,0,0,1,0,3.0,0,0,0,0,0,0,0,0,0,0,0,0,0,0,0,0,0,0,0,0,8.0,0,0,0,0,0,0,0,0,0,0,0,0,0,0,0,0,0,0,0,0,0,0,0,0,0,0,0,0,0,1,0,0,0,0,0,0,0,0,0,0,1,1,0,1,0,0,0,0,0,0,0,0,0,0,0,0,11.0,0,Daniel Radcliffe,Ciar√°n Hinds,2002,01,12,Canada,Tim Maurice-Jones
40,4000000,French,4.4768360000000005,120,0,0,0,0,0,0,1,0,0,1,0,0,0,0,0,0,0,2.0,0,0,0,0,0,0,0,0,0,0,0,0,0,0,0,0,0,0,0,0,6.0,0,0,0,0,0,0,0,0,1,0,0,0,0,0,0,0,0,0,0,0,0,0,0,0,0,0,0,0,0,0,0,0,0,0,0,0,0,0,0,0,0,0,0,0,0,0,0,0,0,0,0,0,0,0,0,0,14.0,0,Lambert Wilson,Michael Lonsdale,2010,05,18,France,Caroline Champetier
41,55000000,English,21.70826700000001,123,0,0,0,0,0,0,1,0,0,0,0,0,0,0,0,0,0,1.0,0,1,0,0,0,0,0,0,0,0,0,1,0,0,0,0,0,0,0,0,4.0,0,0,0,0,0,0,0,0,0,0,0,0,0,0,0,0,0,0,0,0,0,0,0,0,0,0,0,0,0,0,0,0,0,0,0,0,0,0,0,0,0,0,0,0,0,0,0,0,0,0,0,0,0,0,0,0,6.0,0,Will Smith,Rosario Dawson,2008,12,18,United States of America,Gabriele Muccino
42,70000000,English,6.1582120000000025,97,0,0,0,1,0,0,0,0,0,0,0,0,0,0,0,0,0,1.0,0,0,0,0,0,0,0,0,0,0,0,0,0,0,0,0,1,0,0,1,4.0,0,0,0,0,0,0,0,0,0,0,0,0,1,0,0,0,0,0,0,0,0,0,0,0,0,0,0,0,0,0,0,0,0,0,0,0,0,0,0,0,0,0,0,0,0,0,0,0,0,0,0,0,0,0,0,0,4.0,0,Jennifer Aniston,Kevin Costner,2005,12,23,United States of America,Rob Reiner
43,0,Korean,9.023244,119,1,0,0,0,1,0,0,0,0,0,0,0,0,0,0,1,0,3.0,0,0,0,0,0,0,0,0,0,0,0,0,0,0,0,0,0,0,0,0,3.0,0,0,0,0,0,0,0,0,0,0,0,0,0,0,0,0,0,0,0,0,0,1,0,0,0,0,0,0,0,0,0,0,0,0,0,0,0,0,0,0,0,0,0,0,0,0,0,0,0,0,0,0,0,0,0,0,10.0,0,Won Bin,Kim Sae-ron,2008,04,10,South Korea,Lee Jeong-Beom
44,12000000,English,6.7964649999999995,120,0,0,0,0,0,0,1,0,1,0,0,0,0,0,1,1,0,4.0,0,0,0,0,0,0,0,0,0,0,0,0,0,0,0,0,0,0,0,0,1.0,0,0,0,0,0,0,0,0,0,0,0,0,0,1,0,0,0,0,0,0,0,0,0,0,0,0,0,0,0,0,0,1,0,0,0,0,0,0,0,0,0,0,0,0,0,0,1,0,0,0,0,0,0,0,0,0,14.0,0,Jodelle Ferland,Janet McTeer,2009,09,05,Canada,Terry Gilliam
45,45000000,English,10.217291000000001,112,0,0,0,0,1,0,1,0,0,0,0,0,1,1,0,1,0,5.0,0,0,0,0,0,0,0,0,0,0,0,0,0,0,0,0,0,0,0,0,4.0,0,0,0,0,1,0,0,1,0,0,0,0,0,0,0,0,0,0,0,0,0,0,0,0,0,0,1,0,0,0,0,0,0,0,0,0,0,0,0,0,0,0,0,0,0,0,0,0,0,0,0,0,0,0,0,0,10.0,0,Emily Blunt,Haley Bennett,2010,05,16,United States of America,Tate Taylor
46,2500000,English,13.501144,92,0,0,0,0,0,0,0,0,0,0,1,0,0,0,0,1,0,2.0,0,0,0,0,0,0,0,0,0,0,0,0,0,0,0,1,0,0,0,0,1.0,0,0,0,0,0,0,0,0,0,0,0,0,0,0,0,0,0,0,0,0,0,0,0,0,0,0,0,0,0,0,0,0,0,0,0,0,0,0,0,0,0,0,0,0,0,0,0,0,0,0,0,0,0,0,0,0,4.0,0,Jamie Lee Curtis,Donald Pleasence,1981,10,30,United States of America,Dean Cundey
47,7000000,English,10.197503,102,0,0,0,0,0,0,1,0,0,0,0,0,0,0,0,0,0,1.0,0,0,0,0,0,0,0,0,0,0,0,0,0,0,0,0,0,0,0,0,3.0,0,0,0,0,0,0,0,0,0,0,0,0,0,0,0,0,0,0,0,0,0,0,0,0,0,0,0,0,0,0,0,0,0,0,0,0,0,0,0,0,0,0,0,0,0,0,0,0,0,0,0,0,0,0,0,0,6.0,0,Jennifer Aniston,Anna Kendrick,2009,07,14,United States of America,Daniel Barnz
48,0,Japanese,2.4634009999999997,110,1,1,1,0,0,0,0,0,1,0,0,0,0,0,1,0,0,5.0,0,0,0,0,0,0,0,0,0,0,0,0,0,0,0,0,0,0,0,0,8.0,0,0,0,0,0,0,0,0,0,0,0,0,0,0,0,0,0,0,0,0,0,0,0,0,0,0,0,0,0,0,0,0,0,0,0,0,0,0,0,0,0,0,0,0,0,0,0,0,0,0,0,0,0,1,0,0,5.0,0,Rie Kugimiya,"ichirou Miki""",2007,02,11,Japan,Kazuya Murata
49,37000000,English,33.449723,133,0,0,0,0,0,0,1,0,0,0,0,0,0,0,0,0,0,1.0,0,0,0,0,0,0,0,0,0,1,0,0,0,0,0,0,0,0,0,1,4.0,0,0,0,0,0,0,0,0,0,0,0,0,0,0,0,0,0,0,0,0,0,0,0,0,0,0,0,0,0,0,0,0,0,0,0,0,0,0,0,0,0,0,0,0,0,0,0,1,0,0,0,0,0,0,0,0,6.0,0,Michael B. Jordan,Sylvester Stallone,2015,11,25,United States of America,Maryse Alberti
50,47000000,English,9.482806,80,1,0,0,0,0,0,1,0,1,0,0,0,0,0,0,1,0,5.0,0,0,0,0,0,0,0,0,0,0,0,0,0,0,0,0,0,0,0,1,1.0,0,0,0,0,0,0,0,0,0,0,0,0,0,0,0,0,0,0,0,0,0,0,0,0,0,0,0,0,0,0,0,0,0,0,0,0,0,0,0,0,0,0,0,0,0,0,0,0,0,0,0,0,0,0,0,0,8.0,0,Josh Brolin,John Malkovich,2010,06,18,United States of America,Jimmy Hayward
51,0,English,7.3460990000000015,97,0,0,0,1,0,0,1,0,0,0,0,0,0,1,0,0,0,3.0,0,0,0,0,0,0,0,0,0,0,0,0,0,0,0,0,0,0,0,0,5.0,0,0,0,0,0,0,0,0,0,0,0,0,0,0,0,0,0,0,0,0,0,1,0,0,0,0,0,0,0,0,0,0,0,0,0,0,0,0,0,0,0,0,0,0,0,0,0,0,0,0,0,0,0,0,0,0,6.0,0,Craig Roberts,Sally Hawkins,2011,03,18,United Kingdom,Erik Wilson
52,68000000,English,9.268136,124,1,0,0,0,0,0,1,0,0,0,0,0,0,0,0,1,0,3.0,0,0,0,0,0,0,0,0,0,0,1,0,0,0,0,0,0,0,0,0,5.0,0,0,0,0,0,0,0,0,0,0,0,1,0,0,0,0,0,0,0,0,0,0,0,0,0,0,0,0,0,0,0,0,0,0,0,0,0,0,0,0,0,0,0,0,0,0,0,0,0,0,0,0,0,0,0,0,6.0,0,Ben Affleck,Morgan Freeman,2002,05,31,United States of America,Andrew Neskoromny
53,0,English,0.4421479999999999,88,0,0,0,1,0,0,0,0,0,0,0,0,0,0,0,0,0,1.0,0,0,0,0,0,0,0,0,0,0,0,0,0,0,0,0,0,0,0,0,1.0,0,0,0,0,0,0,0,0,0,0,0,0,0,0,0,0,0,0,0,1,0,0,0,0,0,0,0,0,0,0,0,0,0,0,0,0,0,0,0,0,0,0,0,0,0,0,0,0,0,0,0,0,0,0,0,0,6.0,0,D.W. Brown,Peter Ellenstein,1984,02,03,United States of America,Lawrence Bassoff
54,4000000,English,11.292364,94,1,0,0,0,0,0,0,0,0,0,1,0,0,0,1,1,0,4.0,0,0,0,0,0,0,0,0,0,0,0,0,0,0,0,1,0,0,0,0,3.0,0,0,0,0,0,0,0,0,0,0,0,0,0,0,0,0,1,0,0,0,0,0,0,0,0,0,0,0,0,0,0,0,0,0,0,0,0,0,0,0,0,0,0,0,0,0,0,0,0,0,0,0,0,0,0,0,5.0,0,Roddy Piper,Keith David,1988,11,23,United States of America,John Carpenter
55,25000000,English,12.472206,94,0,0,0,0,0,0,1,0,0,0,0,0,0,0,1,0,0,2.0,0,0,0,0,0,0,0,0,0,0,0,0,0,1,0,0,0,1,0,0,4.0,0,0,0,0,0,0,0,0,0,1,0,0,0,0,0,0,1,0,0,0,0,0,0,0,0,0,0,0,0,0,0,0,0,0,0,0,0,0,0,0,0,0,0,0,0,0,0,0,0,0,0,0,0,0,0,0,3.0,0,Jeff Bridges,Meryl Streep,2008,11,14,United States of America,Phillip Noyce
56,140000000,English,22.073099,126,1,1,0,0,0,0,0,0,0,0,0,0,0,0,1,0,0,3.0,0,0,0,0,0,0,0,0,0,0,1,0,0,0,0,0,0,0,0,0,2.0,0,1,0,0,0,0,1,0,0,0,0,0,0,0,0,0,0,0,0,0,0,0,0,0,0,0,0,0,0,0,0,0,1,0,0,0,0,0,0,0,0,0,0,0,0,0,0,0,1,0,0,0,0,0,0,0,12.0,0,Robert Downey Jr.,Terrence Howard,2008,04,30,United States of America,Matthew Libatique
57,15000000,English,20.683405,93,0,0,0,1,0,0,0,0,0,0,1,0,0,0,0,0,0,2.0,0,0,0,0,0,0,0,0,0,0,1,0,0,0,0,0,0,0,0,0,4.0,0,0,0,0,0,0,0,0,0,0,0,0,0,0,0,0,0,0,0,1,0,0,1,0,0,0,0,0,0,0,0,0,0,0,0,0,1,0,1,0,0,0,0,0,0,0,0,0,0,0,0,0,1,0,0,0,11.0,0,Tye Sheridan,Logan Miller,2015,10,23,United States of America,Christopher B. Landon
58,10000000,English,5.7279870000000015,88,0,0,0,0,0,0,0,0,0,0,1,0,0,0,0,1,0,2.0,0,0,0,0,0,0,0,0,0,0,0,0,0,0,0,0,0,0,0,0,5.0,0,0,0,0,0,0,0,0,0,0,0,0,0,0,1,0,0,0,0,0,0,0,0,0,0,0,0,0,0,0,0,0,0,0,0,0,0,0,0,0,0,0,0,0,0,0,0,0,0,0,0,0,0,0,0,0,9.0,0,Lyndsy Fonseca,Amber Heard,2010,09,13,United States of America,John Carpenter
59,125000000,English,18.97178,123,1,1,0,0,0,0,0,0,0,0,0,0,0,0,0,1,0,3.0,0,0,0,0,0,0,0,0,0,0,1,0,0,0,0,0,0,0,0,0,3.0,0,0,0,0,0,0,0,0,0,0,0,1,0,0,0,1,0,0,0,0,0,0,0,0,0,0,0,1,0,0,0,0,0,0,0,0,0,0,0,0,0,0,0,0,1,0,0,0,0,0,0,0,1,0,0,0,20.0,0,Tom Cruise,Dougray Scott,2000,05,24,Germany,Jeffrey L. Kimball
60,40000000,English,21.037699,140,0,0,0,0,0,0,1,0,0,1,0,0,0,0,0,0,1,3.0,0,0,0,0,0,0,0,0,0,0,0,0,0,0,0,0,0,0,0,0,6.0,0,0,0,0,0,0,0,0,1,0,1,0,0,0,0,0,0,0,0,0,0,0,1,0,0,0,0,0,0,0,0,0,0,0,0,0,0,0,0,0,0,0,0,0,0,0,0,0,0,0,0,0,0,1,0,0,20.0,0,Andrew Garfield,Sam Worthington,2010,07,16,Australia,Mel Gibson
61,2500000,English,8.098964,95,0,0,0,1,0,0,1,0,0,0,0,0,0,1,0,0,0,3.0,0,0,0,0,0,0,0,0,0,0,0,0,0,0,0,0,0,0,0,0,4.0,0,0,0,0,1,0,0,0,0,1,0,0,0,0,0,0,0,0,0,0,0,0,0,0,0,0,0,0,0,0,0,0,0,0,0,0,0,0,0,0,0,0,0,0,0,0,0,0,0,0,1,0,0,0,0,0,5.0,0,Miles Teller,Shailene Woodley,2008,02,13,United States of America,Jess Hall
62,40000000,English,13.471159,95,1,1,0,0,0,0,0,0,1,0,0,0,0,0,0,0,0,3.0,0,0,0,0,0,0,0,0,0,0,0,1,0,0,0,0,0,0,0,0,2.0,0,0,0,0,0,0,0,0,0,0,0,0,0,0,0,0,0,0,0,0,1,0,0,0,0,0,0,0,0,0,0,0,0,0,0,0,0,0,0,0,0,0,0,0,0,0,0,0,0,0,0,0,0,0,1,0,13.0,0,Nicolas Cage,Ron Perlman,2001,07,11,United States of America,Dominic Sena
63,0,English,13.952910000000001,92,0,0,0,0,0,0,1,0,0,0,0,0,0,0,0,1,0,2.0,0,0,0,0,0,0,0,0,0,0,0,0,0,0,0,0,0,0,0,0,4.0,0,0,0,0,0,0,0,0,0,0,0,0,0,0,0,0,0,0,0,0,0,0,0,0,0,0,0,0,0,0,0,0,0,0,0,0,0,0,0,0,0,0,0,0,0,0,0,0,0,0,0,0,0,0,0,0,7.0,0,Shia LaBeouf,Jai Courtney,2012,02,16,United States of America,Dito Montiel
64,15774948,English,9.491864999999999,97,1,0,0,0,1,0,0,0,0,0,0,0,0,0,0,1,0,3.0,0,0,0,0,0,0,0,0,1,0,0,0,0,0,0,0,0,0,0,0,6.0,0,0,0,0,0,0,0,1,0,0,0,0,0,0,0,0,0,0,0,0,0,0,0,0,0,0,0,0,0,0,0,0,0,0,0,0,0,0,0,0,0,0,0,0,0,0,0,0,0,0,0,0,0,0,0,0,2.0,0,Jason Statham,Paddy Considine,2011,05,20,United Kingdom,Elliott Lester
65,0,English,3.118419,82,0,0,0,0,0,0,1,0,0,0,0,0,0,0,0,0,0,1.0,0,0,0,0,0,0,0,0,0,0,0,0,0,0,0,0,0,0,0,0,2.0,0,0,0,0,0,0,0,0,0,0,0,0,0,0,0,0,0,0,0,0,0,0,0,0,0,0,1,0,0,0,0,0,0,0,0,0,0,0,0,0,0,0,0,0,0,0,0,0,0,0,0,0,0,0,0,0,2.0,0,Stanley Tucci,Alice Eve,2012,10,13,United States of America,Neil LaBute
66,110000000,English,18.386172,121,0,1,0,0,0,0,0,0,0,0,0,0,0,0,1,0,0,2.0,0,0,0,0,0,0,0,0,1,0,0,0,1,0,0,0,0,0,0,0,4.0,0,0,0,0,0,0,0,1,0,1,0,0,0,0,0,0,1,0,0,0,0,0,0,0,0,0,0,0,0,0,0,0,0,0,0,0,0,0,0,0,0,0,0,0,0,1,0,0,0,0,0,0,0,0,0,0,7.0,0,Shailene Woodley,Theo James,2003,09,16,United States of America,Robert Schwentke
67,930000,English,10.114319,100,0,0,0,1,0,0,0,0,0,0,0,0,0,0,0,0,0,1.0,0,0,0,0,0,0,0,0,0,0,0,0,0,0,0,0,0,0,0,0,2.0,0,0,0,0,0,0,0,0,0,0,0,0,0,0,0,0,0,0,0,0,0,1,0,0,0,0,0,0,0,0,0,0,0,0,0,0,0,0,0,0,0,0,0,0,0,0,0,0,0,0,0,0,0,0,0,1,8.0,0,Krysten Ritter,Kate Bosworth,2011,06,18,Canada,Kat Coiro
68,35000000,English,7.739783,123,0,0,0,0,0,0,1,0,0,0,0,0,0,0,0,0,0,1.0,0,1,0,0,0,0,0,0,0,0,0,0,0,0,0,0,1,0,0,0,6.0,0,0,0,0,0,0,0,0,0,0,1,0,0,0,0,0,0,0,0,0,0,0,0,0,0,0,0,0,0,0,0,0,0,0,0,0,0,0,0,0,0,0,0,0,0,0,0,0,0,0,0,0,0,0,0,0,9.0,0,Will Smith,Alec Baldwin,2011,12,15,Australia,Salvatore Totino
69,120000000,English,16.869208999999998,95,0,1,1,1,0,0,0,1,0,0,0,0,0,0,0,0,0,4.0,0,0,0,0,0,0,0,0,0,0,0,0,0,0,0,0,0,0,1,0,2.0,0,0,0,0,0,0,0,0,0,0,0,0,0,0,1,0,0,0,0,0,1,0,0,0,0,0,0,0,0,0,0,0,0,0,0,0,0,0,0,0,0,0,0,0,0,0,0,0,0,0,0,0,0,0,0,0,9.0,0,Kevin Spacey,Julia Louis-Dreyfus,1998,11,25,United States of America,Andrew Stanton
70,3600000,English,10.332025,112,0,0,0,0,0,0,1,0,0,0,0,0,0,1,0,0,0,2.0,0,0,0,0,0,0,0,0,0,0,0,0,0,0,0,0,0,0,0,0,2.0,0,0,0,1,1,0,0,0,0,0,0,0,0,0,0,1,0,0,0,0,0,0,0,0,0,0,0,0,0,0,0,0,0,0,0,0,0,0,0,0,0,0,0,0,0,0,0,0,0,0,0,0,0,0,0,0,16.0,0,Nicolas Cage,Elisabeth Shue,1995,10,27,United States of America,Mike Figgis
71,16000000,English,11.446274,113,0,0,0,0,0,0,1,0,0,0,0,0,0,0,0,0,0,1.0,0,0,0,0,0,1,0,0,0,0,0,0,0,0,0,0,0,0,0,0,4.0,0,0,0,0,0,0,0,0,0,0,0,0,0,0,0,0,0,0,0,0,0,0,0,0,0,0,0,0,0,0,0,0,0,0,0,0,0,0,0,0,0,0,0,0,0,0,0,0,0,0,0,0,0,0,0,1,13.0,0,Halle Berry,Benicio del Toro,2007,09,26,United States of America,Tom Stern
72,5000000,English,10.711742,86,0,0,0,0,0,0,0,0,0,0,1,0,0,0,1,1,0,3.0,0,0,0,0,0,0,0,0,0,0,0,0,0,0,0,0,0,0,0,0,3.0,0,0,0,0,0,1,0,0,0,0,0,0,0,0,0,0,0,0,0,0,0,0,0,0,0,0,0,0,0,0,0,0,0,0,0,0,0,0,0,0,0,0,0,0,0,0,0,0,0,0,0,0,0,0,0,0,11.0,0,Ryan Robbins,Warren Christie,2011,07,20,Canada,Gonzalo L√≥pez-Gallego
73,110000000,English,25.9725,117,0,1,0,0,0,0,0,0,1,0,0,0,0,1,0,0,0,3.0,0,0,0,0,0,0,0,0,0,0,0,0,1,0,0,0,0,0,0,0,8.0,0,0,0,0,0,0,0,1,0,0,0,0,0,0,1,0,0,0,0,0,0,0,0,0,0,0,0,0,0,0,0,0,0,0,0,0,0,0,0,0,0,0,0,0,0,0,0,0,0,0,0,1,0,0,0,0,5.0,0,Kristen Stewart,Robert Pattinson,2011,03,15,United States of America,Guillermo Navarro
74,0,English,0.07821,95,0,0,0,0,0,1,0,0,0,0,0,0,0,0,0,0,0,1.0,0,0,0,0,0,0,0,0,0,0,0,0,0,0,0,0,0,0,0,0,1.0,0,0,0,0,0,0,0,0,0,0,0,0,0,0,0,0,0,0,0,0,0,0,0,0,0,0,0,0,0,0,0,0,0,0,0,0,0,0,0,0,0,0,0,0,0,0,0,0,0,0,0,0,0,0,0,0,2.0,0,Robert Kennedy Jr,no-actor,2006,03,11,United States of America,Bill Haney
75,0,English,1.1723629999999998,84,0,0,0,0,0,1,0,0,0,0,0,0,0,0,0,0,0,1.0,0,0,0,0,0,0,0,0,0,0,0,0,0,0,0,0,0,0,0,0,1.0,0,0,0,0,0,0,0,0,0,0,0,0,0,0,0,0,0,0,0,0,0,0,0,0,0,0,0,0,0,0,0,0,0,0,0,0,0,0,0,0,0,0,0,0,0,0,0,0,0,0,0,0,0,0,0,0,12.0,0,Bill Cunningham,Tom Wolfe,2010,03,24,United States of America,Richard Press
76,150000000,English,11.017324,92,1,0,0,0,0,0,0,0,1,0,0,0,0,0,0,0,0,2.0,0,1,0,0,0,0,0,0,0,0,0,1,0,0,0,0,0,0,0,0,7.0,0,0,0,1,1,0,0,0,0,0,0,0,0,0,1,0,0,0,0,0,0,0,0,0,0,0,0,0,0,0,0,0,0,0,0,0,0,0,0,0,0,0,0,0,0,0,0,0,1,0,0,0,0,0,0,0,12.0,0,Will Smith,Charlize Theron,2007,01,08,United States of America,Tobias A. Schliessler
77,140000000,English,18.769476,120,0,1,0,0,0,0,0,1,1,0,0,0,0,0,0,0,0,3.0,1,0,0,0,0,0,0,0,0,0,0,0,0,0,0,0,0,1,1,0,5.0,0,0,0,0,0,0,0,1,0,0,0,0,0,0,0,0,0,1,0,0,0,0,0,0,0,0,0,0,0,1,0,0,0,0,0,0,0,0,0,0,0,0,0,0,0,0,0,0,0,0,0,0,0,0,0,0,9.0,0,Ruby Barnhill,Mark Rylance,2006,01,16,India,Steven Spielberg
78,25000000,English,8.874048,114,0,0,0,0,0,0,1,1,0,0,0,1,0,0,0,0,0,3.0,0,0,0,0,0,0,0,0,0,0,0,0,0,0,0,0,0,0,0,1,3.0,0,0,0,0,0,0,0,0,0,0,0,0,0,0,0,0,0,0,0,0,0,0,0,0,0,0,0,0,0,0,0,0,0,0,0,0,0,0,0,0,0,0,0,0,0,0,0,0,0,0,0,0,0,0,0,1,13.0,0,Freddie Highmore,Keri Russell,2007,11,21,United States of America,John Mathieson
79,0,English,7.003724000000001,99,0,0,0,0,0,0,1,0,0,0,0,0,0,1,0,0,0,2.0,0,0,0,0,0,0,0,0,0,0,0,0,0,0,0,0,0,0,0,0,5.0,0,0,0,0,0,0,0,0,0,0,0,0,0,0,0,0,0,0,0,0,0,0,0,0,0,0,0,0,0,0,0,0,0,0,0,0,0,0,0,0,0,0,0,0,0,0,0,0,0,0,0,0,0,0,0,0,4.0,0,Hugh Dancy,Rose Byrne,2009,07,29,United States of America,Max Mayer
80,14000000,English,11.787044,134,0,0,0,0,0,0,1,0,0,0,0,0,0,1,0,0,0,2.0,0,0,0,0,0,0,0,0,0,0,0,0,0,0,0,0,0,0,0,0,4.0,0,0,0,0,0,0,0,0,0,0,0,0,1,0,0,0,0,0,0,0,0,0,0,0,0,0,0,0,0,0,0,0,0,0,0,0,0,0,0,0,0,0,0,0,0,0,0,0,0,0,0,0,0,0,0,0,14.0,0,Heath Ledger,Jake Gyllenhaal,2009,02,05,Canada,Rodrigo Prieto
81,65000000,English,20.623642,102,0,0,0,0,1,0,0,0,0,0,0,0,0,0,0,1,0,2.0,0,0,0,0,0,0,0,0,0,0,0,0,0,0,0,0,0,0,0,0,7.0,1,0,0,0,0,0,0,0,0,0,0,0,0,0,0,0,1,0,0,0,0,0,0,0,0,0,0,0,0,0,0,0,0,0,1,0,0,0,0,0,0,0,0,0,0,0,0,0,0,1,0,0,0,0,0,0,10.0,0,Mickey Rourke,Jessica Alba,2014,08,20,United States of America,Robert Rodriguez
82,0,English,10.504197999999999,86,0,0,0,1,0,0,0,0,0,0,1,0,0,0,0,0,0,2.0,0,0,0,0,0,0,0,0,0,0,0,0,0,0,0,0,0,0,0,0,3.0,0,0,0,0,0,0,0,0,0,0,0,0,0,0,0,0,0,0,0,0,0,1,0,0,0,0,0,0,0,0,0,0,0,0,0,0,0,0,0,0,0,0,0,0,0,0,0,0,0,0,0,1,0,0,0,0,14.0,0,Jemaine Clement,Taika Waititi,2014,06,19,New Zealand,Richard Bluck
83,17000000,English,7.906434,109,1,0,0,1,1,0,0,0,0,0,0,0,0,0,0,1,0,4.0,0,0,0,0,0,0,0,0,0,0,0,1,0,0,0,1,0,0,0,0,5.0,0,0,0,0,0,0,0,0,0,0,0,0,0,1,0,0,0,0,0,0,0,0,0,0,0,0,0,0,0,0,0,0,0,0,0,0,0,0,0,0,0,0,0,0,0,0,0,0,0,0,0,0,0,0,0,0,13.0,0,Ryan Reynolds,Ray Liotta,2012,09,06,France,Mauro Fiore
84,1000000,English,6.684925,100,0,0,0,0,0,1,0,0,0,0,0,0,0,0,0,0,0,1.0,0,0,0,0,0,0,0,0,0,0,0,0,0,0,0,0,0,0,0,0,3.0,0,0,0,0,0,0,0,0,0,0,0,0,0,0,0,0,0,0,0,0,0,0,0,0,0,0,0,0,0,0,0,0,0,0,0,0,0,0,0,0,0,0,0,0,0,0,0,0,0,0,0,0,0,0,0,0,12.0,0,Al Gore,Billy West,2006,01,24,United States of America,Davis Guggenheim
85,15000000,English,6.841586,112,0,0,0,0,1,0,0,0,0,0,1,0,0,0,0,1,0,3.0,0,0,0,0,0,0,0,0,0,0,0,0,0,0,0,0,0,0,0,0,4.0,0,0,0,0,0,0,0,0,0,0,0,0,0,0,0,0,0,0,1,0,0,0,0,0,0,0,0,0,0,0,0,0,0,0,1,0,0,0,0,0,0,0,0,0,0,0,0,0,0,1,0,0,0,0,0,0,10.0,0,Naomi Watts,Tim Roth,2007,10,20,Austria,Darius Khondji
86,66000000,English,8.166363,146,0,0,0,0,0,0,1,0,0,0,0,0,0,0,0,0,1,2.0,1,0,0,0,0,1,0,0,0,0,0,0,0,0,0,0,0,0,0,0,5.0,0,0,0,0,0,0,0,0,0,0,0,0,0,0,0,0,0,0,0,0,0,0,0,0,0,0,0,0,0,0,0,0,0,0,0,0,0,0,0,0,0,0,0,0,0,0,0,0,0,0,0,0,0,0,0,0,9.0,0,Tom Hiddleston,Benedict Cumberbatch,2011,12,25,United States of America,Steven Spielberg
87,50000000,English,10.038401,116,0,0,0,0,0,0,1,0,0,0,1,1,0,0,0,0,0,3.0,0,0,0,0,0,0,0,0,0,0,0,0,0,0,0,0,0,0,0,1,5.0,0,0,0,0,0,0,0,0,0,0,0,0,0,0,0,0,0,0,0,0,0,0,0,0,0,0,0,0,0,0,0,0,0,0,0,0,0,0,0,0,0,0,0,0,0,0,0,0,0,0,0,0,1,0,0,0,26.0,0,Johnny Depp,Helena Bonham Carter,2007,12,20,United Kingdom,Dariusz Wolski
88,75000000,English,11.01395,87,0,0,1,0,0,0,0,1,0,0,0,0,0,0,0,0,0,2.0,0,0,0,0,0,0,0,0,0,0,0,0,0,0,0,1,0,0,0,0,4.0,0,0,0,0,0,0,0,0,0,0,0,0,0,0,0,0,0,0,0,0,0,0,0,0,0,0,0,0,0,0,0,0,0,0,0,0,0,0,0,0,0,0,0,0,0,0,0,0,0,0,0,0,0,0,0,0,11.0,0,Louis C.K.,Eric Stonestreet,2016,06,18,United States of America,Chris Renaud
89,6500000,English,5.499937,113,0,0,0,0,0,0,1,0,0,1,0,0,0,0,0,0,0,2.0,0,0,0,0,0,0,0,0,0,0,0,0,0,0,0,0,0,0,0,0,1.0,0,0,0,0,0,0,0,0,0,0,0,0,0,0,0,0,0,0,0,0,0,0,0,0,0,1,0,0,0,0,0,0,0,0,0,0,0,0,0,0,0,0,0,0,0,0,0,0,0,0,0,0,0,0,0,0,4.0,0,Ben Foster,Woody Harrelson,2009,11,13,United States of America,Oren Moverman
90,22700000,English,9.10373,96,0,0,0,1,0,0,0,0,0,0,0,0,0,0,1,0,0,2.0,0,0,0,0,0,0,0,0,0,0,0,0,0,0,0,0,0,0,0,0,2.0,0,0,0,0,0,0,0,0,0,0,0,0,0,0,0,0,0,0,0,0,0,0,0,0,0,0,0,0,0,0,0,0,0,0,0,0,0,0,0,0,0,0,0,0,0,0,0,0,0,0,0,0,0,0,0,0,19.0,0,Mel Brooks,Rick Moranis,1987,06,24,United States of America,Mel Brooks
91,90000000,English,10.403228,96,0,1,1,1,0,0,0,1,0,0,0,0,0,0,0,0,0,4.0,0,0,0,0,0,0,0,0,0,0,0,0,0,0,0,0,0,0,0,0,2.0,0,0,0,0,0,0,0,0,0,0,0,0,0,0,1,0,0,0,0,0,0,0,0,0,0,0,0,0,0,0,0,0,0,0,0,1,0,0,0,0,0,0,0,0,0,0,0,0,0,0,0,0,0,0,0,0,10.0,0,Jesse Eisenberg,Anne Hathaway,2004,03,11,United States of America,Carlos Saldanha
92,7000000,English,6.293515,116,0,0,0,0,0,0,1,0,0,0,0,0,0,1,0,0,0,2.0,0,0,0,0,0,0,0,0,0,0,0,1,0,0,0,0,0,0,0,0,5.0,0,0,0,0,0,0,0,0,0,0,0,0,0,0,0,0,0,0,0,0,0,0,0,0,0,0,0,0,0,0,0,0,0,0,0,0,0,0,0,0,0,0,0,0,0,0,0,0,0,0,0,0,0,0,0,1,4.0,0,Gugu Mbatha-Raw,Nate Parker,2009,10,14,United States of America,Richard L. Fox
93,27000000,English,12.114955,105,0,0,0,0,0,0,0,0,0,0,0,0,1,0,1,1,0,3.0,0,0,0,0,0,0,0,0,0,0,0,1,0,0,0,0,0,0,0,0,6.0,0,0,0,0,0,0,0,0,0,0,0,0,0,0,0,0,0,0,0,0,0,0,0,0,0,0,0,0,0,0,0,0,0,0,0,0,0,0,0,0,0,0,0,0,0,0,0,0,0,0,0,0,0,0,0,0,7.0,0,Bradley Cooper,Robert De Niro,2003,08,11,United States of America,Neil Burger
94,25000000,English,5.953412999999999,111,0,0,0,1,0,0,1,0,0,0,0,0,0,1,0,0,0,3.0,0,0,1,0,0,0,0,0,0,0,0,1,0,0,0,0,0,0,0,0,2.0,0,0,0,0,0,0,0,0,0,0,0,0,0,0,0,0,0,0,0,0,0,0,0,0,0,1,0,0,0,0,0,0,0,0,0,0,0,0,0,0,0,0,0,0,0,0,0,0,0,0,0,0,0,0,0,1,2.0,0,Jennifer Garner,Timothy Olyphant,2006,10,20,United States of America,Susannah Grant
95,65000000,English,18.108407999999997,117,1,1,0,0,0,0,0,0,0,0,0,0,0,0,0,0,1,3.0,0,0,0,0,0,0,0,1,0,0,0,0,0,0,0,0,0,0,0,1,7.0,0,0,0,0,0,0,0,0,0,0,0,0,0,0,0,0,0,0,0,0,0,0,0,0,0,0,0,0,0,0,0,0,0,0,0,0,0,0,0,0,0,0,0,0,0,0,0,0,0,0,0,0,0,0,0,0,8.0,0,Gerard Butler,Lena Headey,2012,09,06,United States of America,Isabelle Guay
96,40000000,English,8.852557000000003,123,0,0,0,0,0,0,1,0,0,1,0,0,0,0,0,0,0,2.0,0,0,1,0,0,0,0,0,0,0,0,0,0,0,0,0,0,0,0,0,6.0,0,0,0,0,0,0,0,0,0,0,0,0,0,0,0,0,0,0,0,0,0,0,0,0,0,0,0,0,0,0,0,0,0,0,0,0,0,0,0,0,0,0,0,0,0,0,0,0,0,0,0,0,0,0,0,1,8.0,0,Kirsten Dunst,Jason Schwartzman,2006,05,24,France,Sofia Coppola
97,2500000,English,8.309635,96,1,0,0,1,0,0,1,0,0,0,0,0,0,0,0,0,0,3.0,0,0,0,0,0,0,0,0,0,0,0,0,0,0,0,0,0,0,0,0,3.0,0,0,0,0,0,0,0,0,0,0,0,0,0,0,1,0,0,0,0,0,0,0,1,0,0,0,0,0,0,0,0,0,0,0,0,0,0,0,1,0,0,0,0,0,0,0,0,0,1,0,0,0,1,0,0,0,17.0,0,Rainn Wilson,Ellen Page,2009,09,10,United States of America,James Gunn
98,20000000,English,9.115939,94,1,1,1,0,0,0,0,1,0,0,0,0,0,0,0,0,0,4.0,0,0,0,0,0,0,0,0,0,0,0,0,0,0,0,0,0,0,0,0,3.0,0,0,0,0,0,1,0,0,0,0,0,0,0,0,0,0,0,0,0,0,0,0,0,0,0,0,0,0,0,0,0,0,0,0,0,0,0,0,0,0,0,0,1,0,0,0,0,0,0,0,0,0,0,0,0,1,12.0,0,James Arnold Taylor,David Kaye,2016,04,13,Canada,Jericca Cleland
99,65000000,English,13.293466,94,1,0,1,0,0,0,0,1,0,0,0,0,0,0,1,0,0,4.0,0,0,0,0,0,0,0,0,0,0,0,0,1,1,0,0,0,0,0,0,4.0,0,0,0,0,0,0,0,0,0,0,0,0,0,0,0,0,0,0,0,0,0,0,0,0,0,0,0,0,0,0,0,0,0,0,0,0,0,0,0,0,0,0,0,0,0,0,0,0,1,0,0,0,0,0,0,0,1.0,0,Nicolas Cage,Kristen Bell,2009,10,15,Hong Kong,David Bowers
100,20000000,English,6.785049000000001,92,0,0,0,1,0,0,0,0,0,0,0,0,0,1,0,0,0,2.0,0,0,0,0,0,0,0,0,0,0,0,0,0,0,0,0,0,0,0,0,1.0,0,0,0,0,0,0,0,0,0,0,0,0,0,0,0,0,0,0,0,0,0,0,0,0,0,0,0,0,0,0,0,0,0,0,0,0,0,0,0,0,0,0,0,0,0,0,1,0,0,0,0,0,0,0,0,0,5.0,0,Marlon Wayans,Kali Hawk,2016,01,28,United States of America,Michael Tiddes
101,70000000,English,15.441459,86,0,1,1,0,0,0,0,1,1,0,0,0,0,0,1,0,0,5.0,0,0,0,0,0,0,0,0,0,0,0,0,0,0,0,0,0,0,0,0,1.0,0,0,0,0,0,0,0,0,0,0,0,0,0,0,0,0,0,0,0,0,0,1,0,0,0,0,0,0,0,0,0,0,0,0,0,0,0,0,0,0,0,0,0,0,0,0,0,0,0,0,0,0,0,0,0,0,7.0,0,Eli Marienthal,Jennifer Aniston,1999,08,06,United States of America,Brad Bird
102,29000000,English,7.533146,91,0,0,0,1,0,0,0,0,0,0,0,0,0,0,0,0,0,1.0,0,0,0,0,0,0,0,0,0,0,0,0,0,0,0,1,0,0,0,0,1.0,0,0,0,0,0,0,0,0,0,0,0,0,0,0,1,0,0,0,0,0,0,0,0,0,0,0,0,0,0,0,0,0,0,0,0,0,0,0,0,0,0,0,0,0,0,0,0,0,0,0,0,0,0,0,0,0,4.0,0,Melissa McCarthy,Peter Dinklage,2004,07,16,United States of America,Julio Macat
103,0,Japanese,7.1280220000000005,90,0,0,1,0,0,0,1,0,0,0,0,0,1,0,1,1,0,5.0,0,0,0,0,0,0,0,0,0,0,0,0,0,0,0,0,0,0,0,0,3.0,0,0,0,0,0,0,0,0,0,0,0,0,0,0,0,0,0,0,0,0,0,0,0,0,0,0,0,0,0,0,0,0,0,0,0,0,0,0,0,0,0,0,0,0,0,0,0,0,0,0,0,0,0,0,0,0,11.0,0,Megumi Hayashibara,T≈çru Furuya,2010,01,06,Japan,Satoshi Kon
104,20000000,English,2.151159,83,0,0,0,1,0,0,0,0,1,0,0,0,0,0,0,0,0,2.0,0,0,0,0,0,0,0,0,0,0,0,0,0,0,0,0,0,0,0,0,1.0,0,0,0,0,0,0,0,0,0,0,0,0,0,0,0,0,0,0,0,0,0,0,0,0,0,0,0,0,0,0,0,0,0,0,0,0,0,0,0,0,0,0,0,0,0,0,0,0,0,0,0,0,0,0,0,0,4.0,0,Kevin Farley,Kelsey Grammer,2010,03,08,United States of America,David Zucker
105,200000000,English,26.23687,142,1,1,0,0,0,0,0,0,1,0,0,0,0,0,0,0,0,3.0,0,1,0,0,0,0,0,0,0,0,0,0,0,0,0,0,0,0,0,0,4.0,0,0,0,0,0,0,1,0,0,0,0,0,0,0,0,0,0,0,0,0,0,0,0,0,0,0,0,0,0,0,0,0,1,0,0,0,0,0,0,0,0,0,0,0,0,1,0,0,0,0,0,0,0,0,0,0,8.0,0,Andrew Garfield,Emma Stone,2014,04,16,United States of America,Richard L. Johnson
106,900000,English,0.489328,97,0,0,0,0,0,1,0,0,0,0,0,0,0,0,0,0,0,1.0,0,0,0,0,0,0,0,0,0,0,0,0,0,0,0,0,0,0,0,0,1.0,0,0,0,0,0,0,0,0,0,0,0,0,0,0,0,0,0,0,0,0,0,0,0,0,0,0,0,0,0,0,0,0,0,0,0,0,0,0,0,0,0,0,0,0,0,0,0,0,0,0,0,0,0,0,0,1,4.0,0,Samantha King,Barbara Brenner,2009,11,11,United States of America,L√©a Pool
107,95000000,English,19.801128,105,0,0,0,0,0,0,1,1,1,0,0,0,0,1,0,0,0,4.0,0,0,0,0,0,0,0,0,0,0,0,0,0,0,0,0,0,0,1,0,4.0,0,0,0,0,0,0,0,0,0,0,0,0,0,0,0,0,0,0,0,0,0,0,0,0,0,0,0,0,0,0,0,1,0,0,0,0,0,0,0,0,0,0,0,0,0,0,0,0,0,0,0,0,0,0,0,0,10.0,0,Lily James,Cate Blanchett,2003,12,15,United Kingdom,Leslie Tomkins
108,50000000,English,8.395617999999999,116,0,0,0,1,0,0,1,0,0,0,0,0,0,0,0,0,0,2.0,0,0,0,0,0,0,0,0,0,0,0,0,0,0,0,1,0,0,0,0,6.0,0,0,0,0,0,0,0,0,0,0,0,0,0,0,0,0,0,0,0,0,0,0,0,0,0,0,0,0,0,0,0,0,0,0,0,1,0,0,0,0,0,0,0,0,0,0,0,0,0,0,0,0,0,0,0,0,5.0,0,Tom Sturridge,Philip Seymour Hoffman,2004,01,09,Germany,Richard Curtis
109,15000000,English,5.829644,90,0,0,0,1,0,0,1,0,0,0,0,0,0,1,0,0,0,3.0,0,0,0,0,0,0,0,0,0,0,0,0,0,0,0,0,0,0,0,0,3.0,0,0,0,0,0,0,0,0,0,0,0,0,0,0,0,0,0,0,0,0,0,0,0,0,0,0,1,0,0,0,0,0,0,0,0,0,0,0,0,0,0,0,0,0,0,0,0,0,0,0,0,0,0,0,0,0,5.0,0,Michael Douglas,Danny DeVito,2009,07,09,United States of America,Brian Koppelman
110,85000000,English,7.941636999999999,82,0,0,0,1,0,0,0,1,0,0,0,0,0,0,0,0,0,2.0,0,0,0,0,0,0,0,0,0,0,0,0,0,0,0,0,1,0,0,0,1.0,1,1,0,0,0,0,0,0,0,0,0,0,0,0,1,0,0,0,0,0,0,0,0,0,0,0,0,0,0,0,0,0,0,0,0,0,0,0,0,0,0,0,0,0,0,0,0,0,0,0,0,0,0,0,0,0,4.0,0,James Marsden,Nick Nolte,2010,07,30,United States of America,Brad Peyton
111,130000000,English,9.369679,96,1,0,0,1,1,0,0,0,1,0,0,0,0,0,0,0,0,4.0,0,0,0,1,0,0,0,0,0,0,0,0,0,0,0,1,0,0,0,0,3.0,0,0,0,0,0,0,0,0,0,0,0,0,0,0,0,0,0,0,0,0,0,0,0,0,0,0,0,0,0,0,0,0,0,0,0,0,0,0,0,0,0,1,0,0,0,0,0,0,0,0,0,0,0,0,0,0,7.0,0,Jeff Bridges,Ryan Reynolds,2013,07,18,United States of America,Bruton Jones
112,32000000,English,12.042646000000001,92,0,0,0,1,0,0,0,1,0,0,0,0,0,0,0,0,0,2.0,0,0,0,0,0,0,0,0,0,0,1,0,0,0,0,0,0,0,0,0,3.0,0,0,0,0,0,0,0,0,0,0,0,0,0,0,0,0,0,0,0,0,0,0,0,0,0,0,0,0,0,0,0,0,0,0,0,0,0,0,0,0,0,0,0,0,0,0,0,1,0,0,0,0,0,0,0,0,6.0,0,Jack Black,Ana de la Reguera,2006,06,16,United States of America,Xavier Grobet
113,125000000,English,11.972347000000001,106,1,1,0,0,0,0,0,0,1,0,0,0,0,0,0,0,0,3.0,0,0,0,0,0,0,0,1,0,0,0,0,0,0,0,0,0,0,0,1,5.0,1,0,0,0,0,0,0,0,0,0,0,0,0,0,0,0,0,0,0,0,0,0,0,0,0,0,0,0,0,0,0,0,0,0,0,0,0,0,0,0,0,0,0,0,0,0,0,0,0,0,0,0,0,0,0,0,13.0,0,Sam Worthington,Liam Neeson,2004,01,10,United States of America,Troy Sizemore
114,150000000,English,20.508029999999998,111,0,0,1,1,0,0,0,1,1,0,0,0,0,0,0,0,0,4.0,0,0,0,0,0,0,0,0,0,0,0,0,0,0,0,0,0,0,1,0,2.0,0,0,0,0,0,0,0,0,0,0,0,0,0,0,0,0,0,0,1,0,0,0,0,0,0,0,0,0,0,0,0,0,0,0,0,0,0,1,0,0,0,0,0,0,0,0,0,0,0,0,0,0,0,0,0,0,19.0,0,Patton Oswalt,Ian Holm,2007,06,22,United States of America,Jan Pinkava
115,4750000,English,3.743679,98,0,0,0,0,0,0,0,0,1,0,1,0,0,0,0,1,0,3.0,0,0,0,0,0,0,0,0,0,0,0,0,0,0,0,0,0,0,0,0,2.0,0,0,0,0,0,0,0,0,0,0,0,0,0,0,0,1,0,0,0,0,0,0,0,1,0,0,0,0,0,0,0,0,0,0,0,0,0,0,0,0,0,1,0,0,0,0,0,0,0,0,0,1,0,0,0,0,4.0,0,Jenna Dewan,Marc Devigne,2005,12,05,United States of America,Scott Kevan
116,185000000,English,29.429112,118,1,1,0,0,0,0,0,0,1,0,0,0,0,0,0,0,0,3.0,0,0,0,0,0,0,0,1,0,0,0,0,0,0,0,0,0,0,0,1,2.0,0,1,0,0,0,0,0,0,0,0,0,0,0,0,0,0,0,0,0,0,0,0,0,0,0,0,0,1,0,0,0,0,0,1,0,0,0,0,0,0,0,0,0,0,0,0,0,0,0,0,0,0,0,0,0,0,11.0,0,Tom Hiddleston,Samuel L. Jackson,2003,08,17,United States of America,Jacques Haitkin
117,4000000,English,7.3919320000000015,96,0,0,0,1,0,0,0,0,0,0,0,0,0,0,0,0,0,1.0,0,0,0,0,0,0,0,0,0,0,0,0,0,0,0,0,0,0,0,0,2.0,0,0,0,0,0,0,0,0,0,0,0,0,0,0,0,0,0,0,0,0,0,0,0,0,0,1,0,0,0,0,0,0,0,0,0,0,0,0,0,0,0,0,0,0,0,0,0,0,0,0,0,0,0,0,0,0,2.0,0,Neil Dudgeon,Asa Butterfield,2007,01,22,Germany,Garth Jennings
118,9500000,Korean,5.062755999999999,126,0,1,0,0,0,0,0,0,0,0,0,0,0,0,0,0,1,2.0,0,0,0,0,0,0,0,0,0,0,0,0,0,0,0,0,0,0,0,0,2.0,0,0,0,0,0,0,0,0,0,0,1,0,0,0,0,0,0,0,0,0,0,0,0,0,0,0,0,0,0,0,0,0,0,0,0,0,0,0,0,0,0,0,0,0,0,0,0,0,0,0,0,0,0,1,0,0,7.0,0,Choi Min-sik,Kim Myung-gon,2014,07,30,South Korea,Kim Han-min
119,115000000,English,17.260203,114,1,1,0,0,0,0,1,0,0,0,0,0,0,0,0,0,0,3.0,0,0,0,0,0,0,0,0,0,0,0,0,0,0,0,1,0,0,0,0,3.0,0,0,0,0,0,0,0,0,0,0,0,0,0,0,0,0,0,0,0,0,0,0,0,0,0,0,0,0,0,0,0,1,0,0,0,0,0,0,0,0,0,0,0,0,0,0,0,0,0,0,0,0,0,0,1,0,5.0,0,Chris Hemsworth,Charlize Theron,2004,06,16,United States of America,Phedon Papamichael
120,73000000,English,11.171927,97,0,0,1,0,0,0,0,1,0,0,0,0,0,0,0,0,0,2.0,0,1,0,0,0,0,0,0,0,0,0,0,0,0,0,0,0,0,0,0,5.0,1,0,0,0,0,0,0,0,0,0,0,0,0,0,0,0,0,0,0,0,0,0,0,0,0,0,0,1,0,0,0,0,0,0,0,0,0,0,0,0,0,0,0,0,0,0,0,0,0,0,0,0,0,0,0,0,7.0,0,Jason Sudeikis,Josh Gad,2005,11,16,Finland,Fergal Reilly
121,30000000,English,7.3576820000000005,63,0,0,1,0,0,0,0,1,0,0,0,0,0,0,0,0,0,2.0,0,0,0,0,0,0,0,0,0,0,0,0,0,0,0,0,0,0,1,0,2.0,0,1,0,0,0,0,0,0,0,0,0,0,0,0,1,0,0,0,0,0,0,0,0,0,0,0,0,0,0,0,0,0,0,0,0,0,0,0,0,0,0,0,0,0,0,0,0,0,0,0,0,0,0,0,0,0,4.0,0,Jim Cummings,Travis Oates,2011,04,13,United States of America,Julio Macat
122,0,English,6.008971,93,0,0,0,1,0,0,1,0,0,0,0,0,0,1,0,0,0,3.0,0,0,0,0,0,0,0,0,0,0,0,0,0,0,0,0,0,0,0,0,9.0,0,0,0,0,0,0,0,0,0,0,0,0,0,0,0,0,0,0,0,0,0,0,0,0,0,0,0,0,0,1,0,0,0,0,0,0,0,0,0,0,0,0,0,0,0,0,0,0,0,0,0,0,0,0,0,0,5.0,0,Piper Perabo,Lena Headey,2002,01,05,Germany,Ol Parker
123,15000000,English,8.278794,104,0,0,0,0,0,0,1,0,0,0,0,0,0,1,1,0,0,3.0,0,0,0,0,0,0,0,0,0,0,0,0,0,0,0,0,0,0,0,0,3.0,0,0,0,0,0,0,0,1,0,0,0,0,0,0,0,0,1,0,0,0,0,0,0,0,0,0,0,0,0,0,0,0,0,0,0,0,0,0,0,0,0,0,0,0,0,0,0,0,0,0,0,0,0,0,0,0,8.0,0,Carey Mulligan,Andrew Garfield,2010,09,15,United Kingdom,Adam Kimmel
124,17000000,English,13.689175,86,0,0,0,0,0,0,1,0,0,0,1,0,0,0,0,1,0,3.0,0,1,0,0,0,0,0,0,0,0,0,0,0,0,0,0,0,0,0,0,3.0,0,0,0,0,0,0,0,0,0,0,0,0,0,0,0,0,0,0,0,0,0,0,0,0,0,0,0,1,0,0,0,0,0,0,0,0,0,0,0,0,0,0,0,0,0,0,0,0,0,0,0,0,0,0,0,0,12.0,0,Blake Lively,√ìscar Jaenada,2016,06,24,United States of America,Jaume Collet-Serra
125,37000000,English,9.091636,188,0,0,0,0,0,0,1,0,0,0,0,0,0,0,0,0,0,1.0,0,0,0,0,0,0,0,0,0,1,0,0,0,0,0,0,0,0,0,0,3.0,0,0,0,0,0,0,0,0,0,0,0,0,1,0,0,1,0,0,0,0,0,0,0,0,0,0,0,0,0,0,0,0,0,0,0,0,0,0,0,0,0,0,0,0,0,0,0,0,0,0,0,0,0,0,0,0,12.0,0,Julianne Moore,William H. Macy,1999,12,08,United States of America,Paul Thomas Anderson
126,180000000,English,33.949359,131,1,1,0,0,0,0,0,0,0,0,0,0,0,0,1,0,0,3.0,0,0,0,0,0,0,0,1,0,0,0,0,0,0,0,0,0,0,0,1,4.0,1,0,0,0,0,0,0,0,0,0,0,0,0,0,1,0,1,0,0,0,0,0,0,0,1,0,0,0,0,0,0,0,0,0,0,0,0,0,0,0,0,0,0,0,0,0,0,0,0,0,0,0,0,0,0,0,7.0,0,Idris Elba,Charlie Hunnam,2007,11,13,United States of America,Guillermo del Toro
127,30000000,English,10.000208,87,0,0,0,1,0,0,0,1,1,0,0,0,0,0,0,0,0,3.0,0,0,0,0,0,0,0,0,0,0,0,0,0,0,0,0,0,0,0,0,2.0,0,0,0,0,0,0,0,0,0,0,0,0,0,0,0,0,0,0,0,0,0,0,0,0,0,0,0,0,0,0,0,0,0,0,0,0,0,0,0,0,0,0,0,0,0,0,0,0,0,0,0,0,0,0,0,0,6.0,0,Kevin Spacey,Christopher Walken,2008,03,16,China,Barry Sonnenfeld
128,13000000,Swedish,9.858687,152,0,0,0,0,1,0,1,0,0,0,0,0,1,0,0,1,0,4.0,0,0,0,0,0,0,0,0,0,0,0,0,0,0,0,0,0,0,0,0,10.0,0,0,0,0,0,0,0,1,0,0,0,0,0,0,0,0,0,0,0,0,0,0,0,0,0,0,0,1,0,0,0,0,0,0,0,0,0,0,0,0,0,0,0,0,0,0,0,0,0,0,0,0,0,0,0,0,12.0,0,Michael Nyqvist,Noomi Rapace,2009,02,27,Denmark,Eric Kress
129,130000000,English,11.603905000000001,95,1,0,1,1,0,0,0,1,0,0,0,0,0,0,1,0,0,5.0,0,0,0,0,1,0,0,0,0,0,0,0,0,0,0,0,0,0,0,0,1.0,0,0,0,0,0,0,0,0,0,0,0,0,0,0,1,0,0,0,0,0,0,0,0,0,0,0,0,0,0,0,0,0,0,0,0,0,0,0,0,1,0,0,0,0,1,0,0,0,0,0,0,0,0,0,0,0,17.0,0,Will Ferrell,Brad Pitt,2010,10,28,United States of America,Tom McGrath
130,16000000,English,11.519053,110,1,0,0,0,0,0,0,0,0,0,0,0,0,0,1,1,0,3.0,0,0,0,0,0,0,0,0,0,0,0,0,0,0,0,0,0,0,0,0,1.0,0,0,1,0,0,0,0,0,0,0,0,0,0,0,0,0,0,0,0,0,0,0,0,0,0,0,0,0,0,0,0,0,0,0,0,0,0,0,0,0,1,0,0,0,0,0,0,0,0,0,0,0,0,0,0,0,4.0,0,Nicolas Cage,Chad Michael Murray,2010,03,14,United States of America,Vic Armstrong
131,85000000,English,17.918269,107,1,1,0,0,1,0,0,0,0,0,0,0,0,0,0,0,0,3.0,0,0,0,0,0,0,0,0,0,0,1,0,0,0,0,0,0,0,0,0,5.0,0,0,1,0,0,0,0,0,0,0,0,0,0,0,0,0,0,0,0,0,0,0,0,0,0,0,0,0,0,0,0,0,0,0,0,0,0,0,0,0,0,0,0,0,0,1,0,0,0,0,0,0,0,0,0,0,10.0,0,Vin Diesel,Ice Cube,2017,01,13,United States of America,Russell Carpenter
132,4000000,English,22.845448,78,0,1,1,0,0,0,0,1,0,0,0,0,0,0,0,0,0,3.0,0,0,0,0,0,0,0,0,0,0,0,0,0,0,0,0,0,0,1,0,1.0,0,0,0,0,0,0,0,0,0,0,0,0,0,0,0,0,0,0,0,0,0,0,0,0,0,0,0,0,0,0,0,0,0,0,0,1,0,0,0,0,0,0,0,0,0,0,0,0,0,0,0,0,0,0,0,0,12.0,0,Bruce Reitherman,Phil Harris,1967,10,17,United States of America,Wolfgang Reitherman
133,40000000,English,8.198789,104,0,0,0,1,0,0,0,0,0,0,0,0,0,1,0,0,0,2.0,0,0,0,0,0,0,0,0,0,0,0,0,0,0,0,0,0,0,0,0,2.0,0,0,0,0,0,0,0,1,0,0,0,0,0,0,1,0,0,0,0,0,0,0,0,0,0,0,0,0,0,0,0,0,0,0,0,0,0,0,0,0,0,0,0,0,0,0,0,0,0,0,0,0,0,0,0,0,10.0,0,Isla Fisher,Hugh Dancy,2002,05,09,United States of America,P.J. Hogan
134,18000000,English,0.702543,103,0,0,0,1,0,0,0,1,0,0,0,0,0,0,0,0,0,2.0,0,0,0,0,0,0,0,0,0,0,0,0,0,0,1,0,0,0,0,0,2.0,0,0,0,0,0,0,0,0,0,0,0,0,0,0,0,0,0,0,0,0,0,0,0,0,0,0,0,0,0,0,0,0,0,0,0,0,0,0,0,0,0,0,0,0,0,0,0,0,0,0,0,0,0,0,0,0,10.0,0,Macaulay Culkin,Joe Pesci,1990,11,09,United States of America,Chris Columbus
135,40000000,English,12.920032,77,0,0,1,0,0,0,0,0,1,0,0,1,0,1,0,0,0,4.0,0,0,0,0,0,0,0,0,0,0,0,0,0,0,0,0,0,0,0,1,4.0,0,0,0,0,0,0,0,0,0,0,0,0,0,0,0,0,0,1,0,0,0,0,0,0,0,0,0,0,0,0,0,0,0,0,0,1,0,0,0,0,0,0,0,0,0,0,0,0,0,0,0,0,0,0,0,0,20.0,0,Johnny Depp,Helena Bonham Carter,2009,09,05,United States of America,Tim Burton
136,82000000,English,13.779526999999998,110,1,0,0,0,0,0,0,0,1,0,0,0,0,0,0,1,0,3.0,0,0,0,0,0,0,0,1,0,0,0,0,0,0,0,0,0,0,0,1,4.0,0,0,0,0,0,0,0,0,0,0,0,0,0,0,0,0,0,0,0,0,0,0,0,0,0,0,0,0,0,0,0,0,0,0,0,0,0,0,0,0,0,0,1,0,0,0,0,0,0,0,0,0,1,0,0,0,11.0,0,Emily Browning,Abbie Cornish,2011,03,24,United States of America,Zack Snyder
137,170000000,English,34.905446999999995,112,1,1,0,0,0,0,0,0,1,0,0,0,0,0,0,0,0,3.0,0,0,0,0,0,0,0,0,0,0,0,0,0,0,0,0,0,0,0,0,1.0,1,1,0,0,0,0,1,0,0,0,0,0,0,0,1,0,0,0,0,0,0,0,0,0,0,0,0,0,0,0,0,0,1,0,0,0,0,0,0,0,0,0,0,0,0,0,0,0,1,0,0,0,0,0,0,0,10.0,0,Chris Hemsworth,Natalie Portman,2013,10,29,United States of America,Kramer Morgenthau
138,15000000,English,9.403724,131,0,0,0,0,0,0,1,0,0,0,0,0,0,0,0,1,1,3.0,0,0,0,0,0,0,0,0,0,0,0,0,1,0,0,0,0,0,0,0,6.0,0,0,0,0,0,0,0,0,0,0,0,0,0,0,0,0,0,0,0,0,0,0,0,0,0,0,0,0,0,0,0,0,0,0,0,0,0,0,0,0,0,0,0,0,0,0,0,0,0,1,0,0,0,0,0,1,14.0,0,Jeremy Renner,Anthony Mackie,2010,10,08,United States of America,Kathryn Bigelow
139,0,English,1.3187520000000001,89,0,0,0,1,0,0,0,0,0,0,0,0,0,0,0,0,0,1.0,0,0,0,0,0,0,0,0,0,0,0,0,0,0,0,0,0,0,0,0,1.0,0,0,0,0,0,0,0,0,0,0,0,0,0,0,0,0,0,0,0,0,0,0,0,1,0,0,0,0,0,0,0,0,0,0,0,0,0,0,0,0,0,0,0,0,0,0,0,0,0,0,0,0,0,0,0,0,4.0,0,Robert Carradine,Jennifer Ashley,1976,05,01,United States of America,Stephen M. Katz
140,70000000,English,10.44244,91,0,1,1,1,0,0,0,1,0,0,0,0,0,0,1,0,0,5.0,0,0,0,0,0,0,0,0,0,0,0,0,0,0,0,0,0,0,0,0,3.0,0,0,0,0,0,1,0,0,0,0,0,0,0,0,1,0,0,0,0,0,0,0,0,0,0,0,0,0,0,0,0,0,0,0,0,0,0,0,0,0,0,0,0,0,0,0,0,0,0,0,0,0,0,0,0,0,7.0,0,Dwayne Johnson,Seann William Scott,2009,11,19,Spain,Jorge Blanco
141,150000000,English,17.934821,166,0,0,0,0,0,0,1,0,1,0,0,0,1,1,0,1,0,5.0,0,0,0,0,0,0,0,0,0,0,1,0,0,0,0,0,0,0,0,1,3.0,0,0,0,0,0,0,0,0,0,0,0,0,0,0,0,0,0,0,0,0,0,0,0,0,0,0,0,0,0,0,0,0,0,0,0,0,0,0,0,0,0,0,0,0,0,0,0,0,0,0,0,0,0,0,0,0,6.0,0,Cate Blanchett,Brad Pitt,2008,11,24,United States of America,David Fincher
142,20000000,English,5.7570559999999995,111,0,0,0,1,0,0,1,1,0,0,0,1,0,0,0,0,0,4.0,0,0,0,0,0,0,0,0,0,0,0,0,1,0,0,0,0,1,0,0,3.0,0,0,0,0,0,0,0,0,0,0,0,0,0,0,0,0,0,0,0,0,0,0,0,0,0,0,0,0,0,0,0,0,0,0,0,1,0,0,0,0,0,0,0,0,0,0,0,0,0,0,1,0,0,0,0,0,5.0,0,Vanessa Hudgens,Aly Michalka,2008,06,09,United States of America,Todd Graff
143,25000000,English,8.728556,111,0,0,0,0,1,0,1,0,0,0,0,0,0,0,0,1,0,3.0,0,0,0,0,0,0,0,0,0,0,1,0,0,0,0,0,0,0,0,0,4.0,0,0,0,0,0,0,0,0,0,0,0,0,0,0,0,0,0,0,0,0,0,0,0,0,0,0,0,0,0,0,0,0,0,0,0,0,0,0,0,0,0,0,0,0,0,0,0,0,0,0,0,0,0,0,0,0,6.0,0,Mark Wahlberg,John Goodman,2014,12,25,United States of America,Greig Fraser
144,20000000,English,5.946085,90,1,1,1,1,0,0,0,1,1,0,0,0,0,0,1,1,0,8.0,0,0,0,0,0,0,0,0,0,0,0,0,0,0,0,0,0,0,0,0,9.0,0,0,0,0,0,0,0,0,0,0,0,0,0,0,0,0,0,0,0,0,1,0,0,0,0,0,0,0,0,0,0,0,0,1,0,0,0,0,0,0,0,0,0,0,0,0,0,0,0,0,0,0,0,0,0,0,5.0,0,no-actor,no-actor,2004,08,13,Japan,Hatsuki Tsuji
145,0,English,7.7311830000000015,104,0,0,0,0,1,0,1,0,0,0,0,0,0,0,0,0,0,2.0,0,0,0,0,0,0,0,0,0,0,0,0,0,0,0,0,0,0,0,0,2.0,0,0,0,0,0,0,0,0,0,0,0,0,0,0,0,0,0,0,0,0,0,0,0,0,0,0,0,0,0,0,1,0,0,0,0,0,0,0,0,0,0,0,0,0,0,0,0,0,0,0,0,0,0,0,0,0,5.0,0,Michael Pitt,Nina Arianda,2014,03,21,United States of America,Raymond De Felitta
146,175000000,English,14.243634,94,0,1,1,0,0,0,0,1,0,0,0,0,0,0,1,0,0,4.0,0,0,0,0,1,0,0,0,0,0,0,0,0,0,0,0,0,0,0,0,1.0,0,0,0,0,0,1,0,0,0,0,0,0,0,0,1,0,0,0,0,0,0,0,0,0,0,0,0,0,0,0,0,0,0,0,0,0,0,0,0,0,0,0,0,0,0,0,0,0,0,0,0,0,0,0,0,0,3.0,0,Seth Rogen,Reese Witherspoon,2009,03,19,United States of America,Conrad Vernon
147,90000000,English,10.949076,113,1,1,0,0,0,0,0,0,1,0,0,0,0,0,0,0,0,3.0,0,0,0,1,0,0,0,0,0,0,0,0,0,0,0,0,0,0,0,0,6.0,1,0,0,0,0,0,0,0,0,0,0,0,0,0,0,0,0,0,0,0,0,0,0,0,0,0,0,0,0,0,0,1,0,0,0,0,0,0,0,0,1,1,0,0,0,0,0,0,0,0,0,0,0,0,1,0,14.0,0,Êù∞Ê£Æ¬∑Ëé´Áéõ,Stephen Lang,2011,08,17,United States of America,Marcus Nispel
148,12000000,English,14.294019,128,0,0,0,0,0,0,1,0,0,1,0,0,0,0,0,0,0,2.0,0,0,0,0,0,0,0,0,0,0,0,0,0,0,0,0,0,0,0,0,4.0,0,0,0,0,0,0,0,0,1,0,1,0,0,0,0,0,0,0,0,0,0,0,0,0,0,0,0,0,0,0,0,0,0,0,0,0,0,0,0,0,0,0,0,0,0,0,0,0,0,0,0,0,0,0,0,0,6.0,0,Ashton Kutcher,Dermot Mulroney,2013,08,16,United States of America,Joshua Michael Stern
149,35000000,English,9.52295,88,0,0,0,1,0,0,0,1,0,0,0,0,0,0,0,0,0,2.0,0,0,0,0,0,0,0,0,0,0,0,0,0,0,0,0,0,0,1,0,2.0,0,0,0,0,0,0,0,0,0,0,0,0,0,0,1,0,0,0,0,0,0,0,0,0,0,0,0,0,0,0,0,0,0,0,0,0,0,0,0,0,0,0,0,0,0,0,0,0,0,0,0,0,0,0,0,0,7.0,0,Robin Williams,John Travolta,2009,11,24,United States of America,Jeffrey L. Kimball
150,6500000,English,9.356264,142,1,1,0,0,0,0,0,0,0,0,0,0,0,0,0,1,0,3.0,0,0,0,0,0,0,0,0,0,0,0,0,0,0,0,0,0,0,0,0,3.0,0,1,0,0,0,0,0,0,0,0,0,0,1,0,0,0,0,1,0,0,0,0,0,0,0,0,0,0,0,1,0,0,0,0,0,0,0,0,0,0,0,0,0,0,1,0,0,0,0,0,0,0,0,0,0,0,22.0,0,George Lazenby,Diana Rigg,1969,12,12,United Kingdom,Peter R. Hunt
151,4000000,English,10.964499,90,0,0,0,1,0,0,1,0,0,0,0,0,0,0,0,0,0,2.0,0,0,0,0,0,0,0,0,0,0,0,0,0,0,0,0,0,0,0,0,1.0,0,0,0,0,0,0,0,0,0,0,0,0,0,0,0,0,0,0,0,0,0,0,0,1,0,0,0,0,0,0,0,0,0,0,0,0,0,0,0,0,0,0,0,0,0,0,0,0,0,0,1,0,0,0,0,0,6.0,0,Juno Temple,Jeremy Dozier,2009,12,10,United States of America,Abe Sylvia
152,30000000,English,6.416753,84,0,0,0,1,0,0,0,0,0,0,0,0,0,0,0,0,0,1.0,0,0,0,0,0,0,0,0,0,0,0,0,0,0,0,0,0,0,0,0,2.0,0,1,0,0,0,0,0,0,0,0,0,0,0,0,1,0,0,0,0,0,1,0,0,0,0,0,0,0,0,0,0,0,0,0,0,0,0,0,0,0,0,0,0,0,0,0,0,0,0,0,0,0,0,0,0,0,9.0,0,Sean Maguire,Carmen Electra,2008,01,24,United States of America,Jason Friedberg
153,7000000,English,5.886972,106,0,0,0,0,0,0,1,0,0,0,0,0,0,0,0,0,0,1.0,0,0,0,0,0,0,0,0,0,0,0,0,0,0,0,0,0,0,0,0,8.0,0,0,0,0,0,0,0,0,0,0,0,0,0,0,1,0,0,0,0,0,0,0,0,0,0,0,0,0,0,0,0,0,0,0,0,0,0,0,0,0,0,0,0,0,0,0,0,0,0,0,0,0,0,0,0,0,7.0,0,Joseph Gordon-Levitt,Natalie Portman,2010,01,22,United States of America,Morgan Susser
154,10000000,English,15.064832999999998,126,0,0,0,0,0,0,1,0,0,0,0,0,0,0,0,0,0,1.0,0,0,0,0,0,0,0,0,0,0,0,0,0,0,0,0,0,0,0,0,3.0,0,0,0,0,0,0,0,0,0,0,0,0,0,0,0,0,0,0,0,0,0,0,0,0,0,0,0,0,0,0,1,0,0,0,0,0,0,0,0,0,0,0,0,0,0,0,0,0,0,0,0,0,0,0,0,0,17.0,0,Robin Williams,Matt Damon,1997,12,05,Canada,Gus Van Sant
155,7800000,English,14.481103,102,0,0,0,0,1,0,0,0,0,0,0,0,0,0,0,1,0,2.0,0,0,0,0,0,0,0,0,0,0,0,0,0,0,0,0,0,0,0,0,6.0,0,0,0,0,0,0,0,1,0,0,0,0,1,1,0,1,0,0,0,1,0,0,0,0,0,0,0,0,0,1,0,0,0,0,1,0,0,0,0,0,0,0,0,0,0,0,0,0,0,1,0,0,0,0,0,0,18.0,0,Charlotte Rampling,Ludivine Sagnier,2003,05,18,France,Fran√ßois Ozon
156,47000000,English,12.912491000000001,92,0,0,0,0,0,0,0,0,0,0,1,0,1,0,0,0,0,2.0,0,0,0,0,0,0,0,0,0,1,0,0,0,0,0,0,0,0,0,0,3.0,1,0,0,0,0,0,0,0,0,0,0,0,0,0,1,0,0,0,0,0,0,0,0,0,0,0,0,0,0,0,0,0,0,0,0,0,0,0,0,0,0,0,0,0,0,0,0,0,0,0,0,0,0,0,0,0,6.0,0,Emma Bell,"Agosto""",2008,12,11,United States of America,Brian Pearson
157,4800000,German,10.605595,121,0,0,0,1,0,0,1,0,0,0,0,0,0,1,0,0,0,3.0,0,0,0,0,0,0,0,0,0,0,0,0,0,0,0,0,0,0,0,0,3.0,0,0,0,0,0,0,0,0,0,0,0,0,0,0,0,0,0,0,0,0,0,0,0,0,0,0,0,0,0,0,0,0,0,0,0,0,0,0,0,0,0,0,0,0,0,0,0,0,0,0,0,0,0,0,0,0,15.0,0,Daniel Br√ºhl,Katrin Sass,2002,09,03,Germany,Wolfgang Becker
158,0,English,10.348612,97,0,1,1,1,0,0,0,1,0,0,0,0,0,0,1,0,0,5.0,0,0,0,0,0,0,0,0,0,0,0,0,0,0,0,0,0,0,0,0,4.0,0,0,0,0,0,0,0,0,0,0,0,0,0,0,0,0,0,0,0,0,0,0,0,0,0,0,0,0,0,0,0,0,0,0,0,0,0,0,0,0,0,0,0,0,0,0,0,0,0,0,0,0,0,0,0,0,6.0,0,Jessica Biel,Hilary Swank,2017,04,14,Canada,Aaron Woodley
159,6000000,Catalan,3.546146,108,0,0,0,0,1,0,1,0,0,0,0,0,0,0,0,0,0,2.0,0,0,0,0,0,0,0,0,0,0,0,0,0,0,0,0,0,0,0,0,2.0,0,0,0,0,0,0,0,0,0,0,0,0,0,0,0,0,0,0,0,0,0,0,0,0,0,0,0,0,0,0,0,0,0,0,0,0,0,0,0,0,0,1,0,0,0,0,0,0,0,0,0,0,0,0,0,0,9.0,0,Francesc Colomer,Marina Comas,2010,10,10,Spain,Agust√≠ Villaronga
160,165000000,English,11.803808,93,0,1,1,1,0,0,0,1,1,0,0,0,0,0,0,0,0,5.0,0,0,0,0,1,0,0,0,0,0,0,0,0,0,0,0,0,0,0,0,1.0,1,0,0,0,0,0,0,0,0,0,0,0,0,0,0,0,0,0,0,0,0,0,0,0,0,0,0,0,0,0,0,0,0,0,0,0,0,0,0,0,0,0,0,0,0,0,0,0,0,0,0,0,0,0,0,0,2.0,0,Mike Myers,Eddie Murphy,2010,05,16,United States of America,Mike Mitchell
161,15000000,English,5.149058,87,0,0,0,0,0,0,0,0,0,0,1,0,0,0,0,1,0,2.0,0,0,0,0,0,0,0,0,0,0,0,0,0,0,0,0,0,0,0,0,2.0,0,0,0,0,0,0,0,0,0,0,0,0,0,0,0,0,0,0,0,0,0,0,0,0,0,0,0,0,0,0,0,0,0,0,0,0,0,0,0,0,0,0,0,0,0,0,0,0,0,0,0,0,0,0,0,0,5.0,0,Camilla Belle,Katie Cassidy,2002,03,06,United States of America,Simon West
162,79000000,English,9.46307,94,1,1,0,0,0,0,0,0,0,0,0,0,0,0,1,0,0,3.0,0,0,0,0,0,0,0,0,0,1,0,0,0,0,0,0,0,1,0,0,3.0,1,0,0,0,0,0,0,0,0,0,0,0,0,0,1,0,0,0,0,0,0,0,0,0,0,0,0,0,0,0,0,0,0,0,0,0,0,0,0,0,0,0,0,0,0,0,0,0,0,0,0,0,0,0,0,0,5.0,0,Josh Hutcherson,Dwayne Johnson,2012,01,19,United States of America,David Tattersall
163,0,English,11.120239999999999,128,0,0,0,0,0,1,0,0,0,0,0,1,0,0,0,0,0,2.0,0,0,0,0,0,0,0,0,0,0,0,0,0,0,0,0,0,0,0,0,3.0,0,0,0,0,0,0,0,0,0,0,1,0,0,0,0,0,0,0,0,0,0,0,0,0,0,0,0,0,0,0,0,0,0,0,0,0,0,0,0,0,0,0,0,0,0,0,0,0,0,0,0,0,0,0,0,0,13.0,0,Amy Winehouse,Mark Ronson,2007,03,15,United Kingdom,Asif Kapadia
164,45000000,English,10.668658,101,1,1,0,1,1,0,0,0,0,0,0,0,0,0,0,1,0,5.0,0,0,0,0,0,0,0,0,0,0,0,0,0,0,0,1,0,0,0,0,1.0,0,1,0,0,0,0,0,0,0,0,0,0,0,0,0,0,0,0,0,0,0,0,0,0,0,0,0,0,0,0,0,0,0,0,0,0,0,0,0,0,0,0,0,0,0,1,0,0,0,0,0,0,0,0,0,0,13.0,0,Rowan Atkinson,Dominic West,2011,09,15,United Kingdom,Oliver Parker
165,37000000,English,31.282028999999998,122,0,1,0,0,0,0,1,0,1,0,0,0,0,1,0,0,0,4.0,0,0,0,0,0,0,0,0,0,0,0,0,1,0,0,0,0,0,0,0,6.0,0,0,0,0,0,0,0,0,0,1,0,0,0,0,1,0,0,0,0,0,0,0,0,0,0,0,0,0,0,0,0,0,0,0,0,0,0,0,0,0,0,0,0,0,0,0,0,0,0,0,0,1,0,0,0,1,11.0,0,Kristen Stewart,Robert Pattinson,2008,11,20,United States of America,Catherine Hardwicke
166,93000000,English,41.613762,105,1,0,0,0,0,0,1,0,0,0,0,0,0,0,1,1,0,4.0,0,0,0,0,0,0,1,0,0,0,0,0,0,0,1,0,0,0,0,0,7.0,0,0,0,0,0,0,0,0,0,0,0,0,0,0,0,0,1,0,0,0,0,0,0,0,0,0,0,0,0,0,0,0,0,0,0,0,0,0,0,0,0,0,0,0,0,0,0,0,0,0,0,0,0,0,0,0,9.0,0,James Franco,Freida Pinto,2008,03,11,United States of America,Andrew Lesnie
167,10000000,English,4.8830849999999995,101,0,0,0,0,0,0,1,0,0,0,0,0,0,0,0,1,0,2.0,0,0,0,0,0,0,0,0,0,0,0,0,0,0,0,0,0,0,0,0,5.0,0,0,0,0,0,0,0,0,0,0,0,0,0,0,0,0,0,0,0,0,0,0,0,0,0,0,1,0,0,0,0,0,0,0,0,0,0,0,0,0,0,0,0,0,0,0,0,0,0,0,0,0,0,0,0,0,7.0,0,Patrick Wilson,Liv Tyler,2005,06,11,United States of America,Matthew Chapman
168,0,Spanish,1.3475780000000002,77,0,0,0,0,0,1,1,0,0,0,0,0,0,0,0,0,0,2.0,0,0,0,0,0,0,0,0,0,0,0,0,0,0,0,0,0,0,0,0,1.0,0,0,0,0,0,0,0,0,0,0,0,0,0,0,0,0,0,0,0,0,0,0,0,0,0,0,0,0,0,0,0,0,0,0,0,0,0,0,0,0,0,0,0,0,0,0,0,0,0,0,0,0,0,0,0,0,11.0,0,Jean Carlos Batista,John Leguizamo,2012,07,13,United States of America,Jonathan Paley
169,79000000,English,6.620033,91,0,0,0,1,0,0,0,0,0,0,0,0,0,0,0,0,0,1.0,0,1,0,0,0,0,0,0,0,0,0,0,0,0,0,0,0,0,0,0,3.0,0,0,0,0,0,0,0,0,0,0,0,0,0,0,1,0,0,0,0,0,0,0,0,0,0,0,0,0,0,0,0,0,0,0,0,0,0,0,0,0,0,0,0,0,0,0,0,0,0,0,0,0,0,0,0,0,1.0,0,Adam Sandler,Katie Holmes,2011,11,11,United States of America,Dean Cundey
170,17000000,English,5.660648999999999,107,0,0,0,1,0,0,0,1,0,0,0,0,0,0,0,0,0,2.0,0,0,0,0,0,0,0,0,0,0,0,0,0,0,0,0,0,0,0,0,3.0,0,0,0,0,0,0,0,0,0,0,0,0,0,0,0,0,0,0,1,0,0,0,0,0,0,0,0,0,0,0,0,0,0,0,0,0,0,0,0,0,0,0,0,0,0,0,0,0,0,0,0,0,0,0,0,1,5.0,0,Steve Martin,Diane Keaton,2011,12,15,United States of America,Jessie Nelson
171,15000000,English,15.30326,90,0,0,0,0,0,1,0,0,0,0,0,0,0,0,0,0,0,1.0,0,0,0,0,0,0,0,0,0,0,0,0,0,0,0,0,0,0,0,0,3.0,0,0,0,0,0,0,0,0,0,0,0,0,0,0,0,0,0,0,0,0,0,0,0,0,0,0,0,0,0,0,0,0,0,0,0,0,0,0,0,0,0,0,0,0,0,0,0,0,0,0,0,0,0,0,0,0,5.0,0,Patrick Stewart,Constantino Romero,2007,04,22,Germany,Alastair Fothergill
172,200000000,English,10.834506,127,1,1,0,0,0,0,0,0,1,0,0,0,0,0,0,0,0,3.0,0,1,0,0,0,0,0,0,0,0,0,0,0,0,0,0,0,0,0,0,3.0,0,0,0,0,0,0,0,0,0,0,0,0,0,0,0,0,0,0,0,0,0,0,0,0,0,0,0,0,0,0,0,0,1,0,0,0,0,0,0,0,0,0,0,0,0,1,0,0,1,0,0,0,0,0,0,0,11.0,0,Tobey Maguire,Kirsten Dunst,2004,06,25,United States of America,Sam Raimi
173,130000000,English,16.897541,90,0,1,1,1,0,0,0,1,0,0,0,0,0,0,0,0,0,4.0,0,0,0,0,1,0,0,0,0,0,0,0,0,0,0,0,0,0,0,0,1.0,0,1,0,0,0,0,0,0,0,0,0,0,0,0,0,0,0,0,0,0,0,0,0,0,0,0,0,0,0,0,0,0,0,0,0,0,0,0,0,0,0,0,0,0,0,0,0,0,0,0,0,0,0,0,0,0,23.0,0,Jack Black,Dustin Hoffman,2006,04,08,United States of America,Mark Osborne
174,0,Spanish,2.4106349999999996,106,0,0,0,0,0,0,1,0,0,0,0,0,0,0,0,0,0,1.0,0,0,0,0,0,0,0,0,0,0,0,0,0,1,0,0,0,0,0,0,4.0,0,0,0,0,0,0,0,0,0,0,0,0,0,0,0,0,0,0,0,0,0,0,0,0,0,1,0,0,0,0,0,0,0,0,0,0,0,0,0,0,0,0,0,0,0,0,0,0,0,0,0,0,0,0,0,1,2.0,0,Kate del Castillo,Adri√°n Alonso Barona,2008,03,20,Mexico,Checco Varese
175,160000000,English,14.019239,123,1,0,0,0,0,0,0,0,0,0,0,0,0,0,1,1,0,3.0,0,0,0,0,0,0,0,1,0,0,0,0,0,0,0,0,0,0,0,1,5.0,0,0,0,0,0,0,0,0,0,0,0,0,0,0,0,0,0,0,0,0,0,0,0,0,0,0,0,0,0,0,0,0,0,1,0,0,0,0,0,0,1,0,0,0,0,0,0,0,0,0,0,0,0,0,0,0,8.0,0,Aaron Taylor-Johnson,Ken Watanabe,2014,05,14,Japan,Seamus McGarvey
176,10000000,English,11.107782,90,1,1,0,1,0,0,0,0,0,0,0,0,0,0,0,0,0,3.0,0,0,0,0,0,0,0,0,0,0,0,1,0,0,0,0,0,0,0,0,1.0,0,1,0,0,0,0,0,0,0,0,0,0,0,0,1,0,0,0,0,0,0,0,0,0,0,0,0,0,0,0,0,0,0,0,0,0,0,0,0,0,0,0,0,0,0,0,0,0,0,0,0,0,0,0,0,0,2.0,0,Will Forte,Kristen Wiig,2010,05,21,United States of America,Jorma Taccone
177,85000000,English,6.645799,115,0,0,0,1,0,0,0,0,0,0,0,0,0,1,0,0,0,2.0,0,0,0,0,0,0,0,0,0,0,0,0,0,0,0,1,0,0,0,0,2.0,0,0,0,0,0,0,0,0,0,0,0,0,0,0,0,0,0,0,0,0,0,0,0,0,0,0,0,0,0,0,0,0,0,0,0,0,0,0,0,0,0,0,0,0,0,0,0,0,0,0,0,0,0,0,0,0,4.0,0,Adam Sandler,Kevin James,2007,12,07,United States of America,Dean Semler
178,0,English,1.629476,117,0,0,0,0,0,0,1,0,0,0,0,0,0,1,0,0,0,2.0,0,0,0,0,0,0,0,0,0,0,0,0,0,0,0,0,0,0,0,0,1.0,0,0,0,0,0,0,0,0,0,0,0,0,0,0,0,0,0,0,0,0,0,0,0,0,0,1,0,0,0,0,0,0,0,0,0,0,0,0,0,0,0,0,0,0,0,0,0,0,0,0,0,0,0,0,0,0,5.0,0,Arye Gross,Eric Schweig,2000,04,18,United States of America,Thomas Bezucha
179,50000000,English,7.000272,88,0,1,1,1,0,0,0,1,1,0,0,0,0,0,0,0,0,5.0,0,0,0,0,0,0,0,0,0,0,0,0,0,0,0,0,0,0,0,1,4.0,0,0,0,0,0,0,0,0,0,0,0,0,0,0,0,0,0,0,0,0,0,0,0,0,0,0,0,0,0,0,0,0,0,0,0,0,0,0,0,0,0,0,0,0,0,0,0,0,0,0,0,0,0,0,0,0,5.0,0,Julia Roberts,Meryl Streep,2006,07,27,United States of America,Ken Mitchroney
180,30000000,English,14.471373000000002,132,0,0,0,0,0,0,1,0,0,0,0,0,0,0,0,0,0,1.0,0,0,0,0,0,0,0,0,0,0,0,0,0,0,0,0,0,0,0,1,5.0,0,0,0,0,0,0,0,0,0,0,0,0,0,0,0,1,0,0,0,0,0,0,0,0,0,0,0,0,0,0,0,0,0,0,0,0,0,0,0,0,0,0,0,0,0,0,0,1,0,0,0,0,0,0,0,0,12.0,1,Clint Eastwood,Hilary Swank,2004,12,15,United States of America,Clint Eastwood
181,20000000,English,10.763622,89,0,0,0,0,0,0,0,0,0,0,1,0,0,0,0,0,0,1.0,0,0,0,0,0,0,0,0,0,0,0,0,0,0,0,1,0,0,0,0,3.0,0,0,0,0,0,0,0,0,0,0,0,0,0,0,0,0,0,0,0,0,0,0,0,0,0,0,0,0,0,0,0,0,0,0,0,0,0,0,0,0,0,0,0,0,0,0,0,0,0,0,0,0,0,0,0,0,18.0,0,Ryan Kwanten,Donnie Wahlberg,2007,03,16,United States of America,James Wan
182,700000,English,12.155114999999999,107,0,0,0,0,0,0,1,0,0,0,0,0,0,0,0,0,0,1.0,0,0,0,0,0,0,0,0,0,0,0,0,0,0,0,0,0,0,0,0,6.0,0,0,0,0,0,0,0,0,0,0,0,0,0,0,0,0,0,0,0,0,0,0,0,0,0,1,0,0,0,0,0,0,0,0,0,0,0,0,0,0,0,0,0,0,0,0,0,0,0,0,0,0,0,0,0,0,5.0,0,Ryan Gosling,Jeff Lima,2008,11,06,United States of America,Ryan Fleck
183,15000000,English,18.960549,107,0,0,0,0,0,0,0,0,0,0,1,0,0,0,0,1,0,2.0,0,0,0,0,0,0,1,0,0,0,0,0,0,0,0,0,0,0,0,0,4.0,0,0,0,0,0,0,0,0,0,0,0,0,0,0,0,0,0,0,0,0,0,0,1,0,0,0,0,0,0,0,0,0,0,0,0,0,0,0,0,0,0,0,0,0,0,0,0,0,0,0,0,0,0,0,0,0,20.0,0,Aaron Stanford,Kathleen Quinlan,2003,10,06,France,Maxime Alexandre
184,24000000,English,6.162257,113,0,0,0,0,0,0,1,0,0,0,0,1,0,1,0,0,0,3.0,0,0,0,0,0,0,0,0,0,0,0,0,0,0,0,0,0,0,0,0,3.0,0,0,0,0,0,0,0,0,0,0,0,0,0,0,0,0,0,0,0,0,0,0,0,0,0,0,0,0,0,0,0,0,0,0,0,0,0,0,0,0,1,0,0,0,0,0,0,0,0,0,0,0,0,0,0,0,8.0,0,Kenny Wormald,Julianne Hough,2010,06,11,United States of America,Craig Brewer
185,6600000,English,2.664211,112,0,0,0,1,0,0,0,0,0,0,0,0,0,0,0,0,0,1.0,0,0,0,0,0,0,0,0,0,0,0,0,0,0,0,0,0,0,0,0,5.0,0,0,0,0,0,0,0,0,0,0,0,0,0,0,0,0,0,0,0,0,0,0,0,0,0,0,0,0,0,0,0,0,0,0,0,0,0,0,0,0,0,0,0,0,0,0,0,0,0,0,0,0,0,0,0,0,4.0,0,Paula Patton,Julie Bowen,2005,06,11,United States of America,Salim Akil
186,20000000,English,12.906327000000001,108,0,0,0,0,0,0,1,0,0,0,0,0,0,1,1,0,0,3.0,0,0,0,0,0,0,0,0,0,0,0,0,0,0,0,0,0,0,0,0,3.0,0,0,0,0,0,0,0,0,0,0,0,0,0,0,0,0,0,0,0,0,0,0,0,0,0,0,0,0,1,0,1,0,0,0,0,0,0,0,0,0,0,0,0,0,0,0,0,0,0,0,0,0,0,0,0,0,15.0,0,Jim Carrey,Kate Winslet,2004,03,19,United States of America,Michel Gondry
187,10000000,English,5.918193,90,0,0,0,1,0,0,1,0,0,0,0,0,0,0,0,0,0,2.0,0,0,0,0,0,0,0,0,0,0,0,0,0,1,0,0,0,0,0,0,4.0,0,0,0,0,0,0,0,0,0,0,0,0,0,0,1,0,0,0,0,0,0,0,0,0,0,0,0,0,0,0,0,0,0,0,0,0,0,0,0,0,0,0,0,0,0,0,0,0,0,0,0,0,0,0,0,0,5.0,0,Paul Rudd,Elizabeth Banks,2011,08,26,United States of America,Jesse Peretz
188,80000000,English,5.658857,112,0,0,0,0,0,0,1,0,0,0,0,1,0,1,0,0,0,3.0,0,0,0,0,0,0,0,0,0,0,0,1,0,1,0,0,0,0,0,0,2.0,0,0,0,0,0,0,0,0,0,0,0,0,0,0,1,0,0,0,0,0,0,0,0,0,0,0,0,0,0,0,0,0,0,0,0,0,0,0,0,0,0,0,0,0,0,0,0,0,0,0,0,0,0,0,0,0,13.0,0,Judi Dench,Daniel Day-Lewis,2012,03,09,Italy,Rob Marshall
189,35000000,English,10.721799,96,1,0,0,0,1,0,0,0,0,0,0,0,0,0,0,1,0,3.0,0,0,0,0,0,0,0,0,0,0,0,0,0,0,1,0,0,0,0,0,11.0,0,0,0,0,0,0,0,0,0,0,0,0,0,0,0,0,0,0,0,0,0,0,0,0,0,0,0,0,0,0,0,0,0,0,0,0,0,0,0,0,0,0,0,0,1,0,0,0,0,0,0,0,0,0,0,0,7.0,0,Rupert Friend,Zachary Quinto,2015,08,20,Indonesia,Aleksander Bach
190,75000000,English,9.979161999999999,102,0,0,0,1,0,0,1,0,0,1,0,0,0,0,0,0,0,3.0,0,0,0,0,0,0,0,0,0,0,0,0,0,0,0,1,0,0,0,0,3.0,0,0,0,1,0,0,0,0,0,0,0,1,0,0,0,0,0,0,0,0,0,0,0,0,0,0,0,0,0,0,0,0,0,0,0,0,0,0,0,0,0,0,0,0,0,0,0,0,0,0,0,0,0,0,0,0,13.0,0,Tom Hanks,Philip Seymour Hoffman,2007,12,19,United States of America,Mike Nichols
191,85000000,English,12.114932000000001,116,0,0,0,0,1,0,0,0,0,0,0,0,0,0,0,1,0,2.0,0,0,0,0,0,0,0,0,0,0,0,0,0,0,0,0,1,0,0,1,6.0,0,0,0,0,0,0,0,0,0,0,0,0,0,0,0,0,0,0,0,0,0,0,0,0,0,0,0,0,0,0,0,0,0,0,0,0,0,0,0,1,0,0,0,0,0,0,0,0,0,0,0,0,0,0,0,0,12.0,0,George Clooney,Brad Pitt,2012,07,01,United States of America,Steven Soderbergh
192,160000000,English,12.572718,123,1,1,0,0,0,0,0,0,1,0,0,0,0,0,0,0,0,3.0,0,0,0,0,0,0,0,1,0,0,0,0,0,0,0,1,0,0,0,0,4.0,0,0,0,0,0,0,1,0,0,0,0,0,0,0,0,0,0,0,0,0,0,0,0,0,0,0,0,0,0,0,0,1,0,0,0,0,0,0,0,0,0,0,0,0,0,0,0,0,0,0,0,0,0,0,0,0,14.0,0,Paula Patton,Travis Fimmel,2016,05,25,Canada,Duncan Jones
193,5000000,English,6.753328,107,0,0,0,0,0,0,1,0,0,0,0,0,0,0,0,0,0,1.0,0,0,0,0,0,0,0,0,1,0,0,0,0,0,0,0,0,0,0,0,7.0,0,0,0,0,0,0,0,0,0,0,0,0,0,0,0,0,0,0,0,0,0,0,0,0,0,0,0,0,0,0,0,0,0,0,0,0,0,0,0,0,0,0,0,0,0,0,0,0,0,0,0,0,0,0,0,0,10.0,0,Emily Blunt,Ewan McGregor,2009,10,11,United Kingdom,Lasse Hallstr√∂m
194,6400000,English,5.235419,93,0,0,0,0,1,0,1,0,0,0,0,0,0,1,0,1,0,4.0,0,0,0,0,0,0,0,0,0,0,0,0,0,0,0,0,0,0,0,0,1.0,0,0,0,0,0,0,0,0,0,0,0,0,0,0,0,1,0,0,0,0,0,0,0,0,0,0,0,0,0,0,0,0,0,0,0,0,0,0,0,0,0,0,0,0,0,0,0,0,0,0,0,0,0,0,0,0,11.0,0,Ewan McGregor,Tilda Swinton,2003,09,26,France,David Mackenzie
195,1000000,English,14.992310999999999,95,0,0,0,1,0,0,1,0,0,0,0,0,0,1,0,0,0,3.0,0,0,0,0,0,0,0,0,0,0,0,0,0,0,0,0,0,0,0,0,2.0,0,0,0,0,0,0,0,0,0,0,0,0,0,0,0,0,0,0,0,0,0,0,0,0,0,0,0,0,0,0,0,0,0,0,0,0,0,0,0,0,0,0,0,0,0,0,0,0,0,0,0,0,0,0,0,0,6.0,0,Sally Field,Max Greenfield,2015,11,27,United States of America,Michael Showalter
196,70000000,English,12.636205,101,1,1,0,0,0,0,0,0,0,0,0,0,0,0,1,0,0,3.0,0,0,0,0,0,0,0,0,0,0,0,0,0,0,1,0,0,0,0,0,11.0,0,0,0,0,0,1,0,0,0,0,0,0,0,0,0,0,0,0,0,0,0,0,0,0,0,0,0,0,0,0,0,0,0,0,0,0,0,0,0,0,0,0,0,0,0,0,0,0,0,0,0,0,0,0,0,0,8.0,0,Sanaa Lathan,Raoul Bova,2008,12,04,Canada,Paul W.S. Anderson
197,18000000,English,8.278336,82,0,0,0,1,0,0,0,0,0,0,0,0,0,0,0,0,0,1.0,0,0,0,0,0,0,0,0,0,0,0,0,0,0,1,0,0,0,0,0,2.0,0,1,0,0,0,0,0,0,0,0,0,0,0,0,1,0,0,0,0,0,0,0,0,0,0,0,0,0,0,0,0,0,0,0,0,0,0,0,0,0,0,0,0,0,0,0,0,0,0,0,0,0,0,0,0,0,16.0,0,Sacha Baron Cohen,Ken Davitian,2011,01,06,United States of America,Luke Geissbuhler
198,25000000,English,12.868098,85,1,0,0,0,0,0,0,0,0,0,0,0,0,0,1,1,0,3.0,0,0,0,0,0,0,0,0,0,0,1,0,0,0,0,0,0,0,0,0,2.0,0,1,0,0,0,1,0,0,0,0,0,0,0,0,0,0,0,0,0,0,1,0,0,0,0,0,0,0,0,0,0,0,0,1,0,0,0,0,0,0,0,0,0,0,0,0,0,0,0,0,0,0,0,0,0,0,20.0,0,Lizzy Caplan,Jessica Lucas,2008,01,15,United States of America,Matt Reeves
199,6000000,English,6.743182000000001,86,0,0,0,0,0,0,1,0,0,0,0,0,0,0,0,0,0,1.0,0,0,0,0,0,0,0,0,0,0,0,0,0,0,0,0,0,0,0,0,1.0,0,0,0,0,0,0,0,0,0,0,0,0,0,0,0,0,0,0,0,0,0,0,0,0,0,0,0,0,0,0,0,0,0,0,0,0,0,0,0,0,0,0,0,0,0,0,0,0,0,0,0,0,0,0,0,1,1.0,0,Anne Hathaway,Johnny Flynn,2014,01,20,United States of America,John Guleserian
200,60000000,English,18.275689,96,0,0,0,0,0,0,1,0,0,1,0,0,0,0,0,0,0,2.0,0,0,0,0,0,0,0,0,0,0,0,0,0,0,0,0,0,0,0,1,6.0,0,0,1,0,0,0,0,0,1,0,1,0,0,0,0,0,0,0,0,0,0,0,0,0,1,0,0,0,0,0,0,0,0,0,0,0,0,0,0,0,0,0,0,0,0,0,0,0,0,0,0,0,0,0,0,0,15.0,1,Tom Hanks,Aaron Eckhart,2009,07,16,United States of America,Clint Eastwood
201,25000000,English,5.670679,110,0,0,0,0,0,0,1,0,0,0,1,0,0,0,0,1,0,3.0,0,0,0,0,0,0,0,0,0,0,0,0,0,0,1,0,0,0,0,0,2.0,0,0,0,0,0,0,0,0,0,0,0,0,0,0,0,0,0,0,0,0,0,0,0,0,0,0,0,0,0,0,0,0,0,0,1,0,0,0,0,0,0,0,0,0,0,0,0,0,0,0,0,0,0,0,0,0,21.0,0,Liev Schreiber,Julia Stiles,2006,06,06,United States of America,John Moore
202,994000,English,5.230003,89,0,0,0,0,0,0,1,0,0,0,0,0,0,0,0,0,0,1.0,0,0,0,0,0,0,0,0,0,0,0,0,0,0,0,0,0,0,0,0,3.0,0,0,0,0,0,0,0,0,0,0,0,0,0,0,0,0,0,0,0,0,0,0,0,0,0,0,0,0,0,1,0,0,0,0,0,0,0,0,0,0,0,0,0,0,0,0,0,0,0,0,0,0,0,0,0,0,8.0,0,Aml Ameen,Red Madrell,2003,03,06,United Kingdom,Brian Tufano
203,175000000,English,11.787058,118,1,1,0,0,0,0,0,0,0,0,0,0,0,0,1,1,0,4.0,0,0,0,0,0,0,0,0,0,0,1,0,0,0,0,0,0,0,0,0,5.0,0,0,0,0,0,0,0,0,0,0,0,0,0,0,0,0,0,0,0,0,0,0,0,0,0,0,0,0,0,0,0,0,0,0,1,0,0,0,0,0,0,1,0,1,0,0,0,0,0,0,0,0,0,0,0,0,15.0,0,Dennis Quaid,Channing Tatum,2008,04,09,Czech Republic,Stephen Sommers
204,125000000,English,147.098006,123,0,1,0,0,0,0,0,0,0,0,0,0,0,0,1,1,0,3.0,0,0,0,0,0,0,0,0,1,0,0,0,0,0,0,0,0,0,0,0,2.0,0,0,0,0,0,0,0,0,0,1,0,0,0,0,0,0,1,0,0,0,0,0,0,0,0,0,0,0,0,0,0,0,0,0,0,0,0,0,0,0,0,0,0,0,0,1,0,0,0,0,0,0,0,1,0,0,13.0,0,Jennifer Lawrence,Josh Hutcherson,2014,11,18,United States of America,Francis Lawrence
205,110000000,English,68.726676,107,1,0,0,0,0,0,0,0,0,0,0,0,0,0,1,1,0,3.0,0,0,0,0,0,1,0,0,0,0,1,0,0,0,0,0,0,0,0,0,11.0,1,0,0,0,0,0,0,0,0,0,0,0,0,0,0,0,0,0,0,0,0,0,0,0,0,0,0,0,0,0,0,0,0,0,0,0,0,0,0,0,0,0,0,0,0,0,0,0,0,1,0,0,0,0,0,0,16.0,0,Scarlett Johansson,Michael Pitt,2017,03,29,Australia,Rupert Sanders
206,11000000,English,42.149696999999996,121,1,1,0,0,0,0,0,0,0,0,0,0,0,0,1,0,0,3.0,0,0,0,0,0,0,0,0,0,0,0,0,0,0,1,0,0,0,0,0,2.0,0,0,0,0,0,0,0,0,0,0,0,0,0,0,0,0,0,0,0,0,0,0,0,0,0,0,0,0,0,0,0,0,0,0,0,0,0,0,0,0,0,0,0,0,0,0,0,0,0,0,0,0,0,0,0,0,16.0,0,Mark Hamill,Harrison Ford,1977,05,25,United States of America,George Lucas
207,40000000,English,9.447808,109,0,0,0,0,0,0,1,0,0,0,0,0,0,0,1,1,0,3.0,0,0,0,0,0,0,0,0,0,0,0,0,0,0,1,0,0,0,0,0,4.0,0,0,0,0,0,0,0,0,0,0,0,0,0,0,0,0,0,0,0,0,0,0,0,0,0,0,0,0,0,1,0,0,0,0,0,0,0,0,0,0,0,0,0,0,0,0,0,0,0,0,0,0,0,0,0,0,7.0,0,James McAvoy,Daniel Radcliffe,2011,10,15,United Kingdom,Paul McGuigan
208,35000000,English,15.651704999999998,121,0,0,0,1,0,0,0,0,0,0,0,0,0,0,0,0,0,1.0,0,0,0,0,0,0,0,0,0,0,0,0,0,0,0,0,0,0,0,1,2.0,0,0,0,0,0,0,0,0,0,0,0,0,0,0,0,0,0,0,0,0,0,0,0,0,0,0,0,0,0,0,0,0,0,0,0,0,0,0,0,0,0,0,0,0,0,0,0,0,0,0,0,0,0,0,0,1,2.0,0,Robert De Niro,Anne Hathaway,2015,09,24,United States of America,Stephen Goldblatt
209,30000000,English,16.53732,89,0,1,1,1,0,0,0,1,0,0,0,0,0,0,0,0,0,4.0,0,0,0,0,0,0,0,0,0,0,0,0,0,0,0,0,0,0,0,0,3.0,0,0,0,0,0,0,0,0,0,0,0,0,0,0,0,0,0,0,0,0,0,0,0,0,0,0,0,0,0,0,0,0,0,0,0,1,0,1,0,0,0,0,0,0,0,0,0,0,0,0,0,0,0,0,0,0,13.0,0,Elle Fanning,Dane DeHaan,2016,12,14,Canada,Eric Summer
210,0,English,8.696467,93,0,0,0,1,0,0,0,0,0,0,0,0,0,0,0,0,0,1.0,0,0,0,0,0,0,0,0,0,0,0,0,0,0,0,0,0,1,0,0,5.0,0,1,0,0,0,0,0,0,0,0,0,0,0,0,0,0,0,0,0,0,0,0,0,0,0,0,0,0,0,0,0,1,0,0,0,0,0,0,0,0,0,0,0,0,0,0,0,0,0,0,0,0,0,0,0,0,12.0,0,Dustin Hoffman,Natalie Portman,2007,11,14,Canada,Zach Helm
211,30000000,English,18.399055,100,0,0,0,0,0,0,1,0,0,0,1,0,0,0,0,0,0,2.0,0,0,0,0,0,0,0,0,0,0,0,0,0,0,0,0,0,0,0,0,3.0,0,0,0,0,0,0,0,1,0,0,0,0,0,0,0,0,0,0,0,0,0,0,0,1,0,0,0,0,0,0,0,0,0,0,1,0,0,0,0,0,1,1,0,0,0,0,0,0,0,0,1,0,1,0,0,1,16.0,0,Chlo√´ Grace Moretz,Julianne Moore,2013,10,16,United States of America,Kimberly Peirce
212,100000,English,7.485908,111,0,0,0,0,0,0,1,0,0,0,0,0,0,0,0,0,0,1.0,0,0,0,0,0,0,0,0,0,0,0,0,0,0,0,0,0,0,0,0,1.0,0,1,0,0,0,0,0,0,0,0,0,0,0,0,0,0,0,0,0,0,0,0,0,0,0,0,0,0,0,0,0,0,0,0,0,0,0,0,0,0,0,0,0,0,0,0,0,1,0,0,0,0,0,0,0,0,3.0,0,James Blackwell,Alex Kendrick,2006,09,29,United States of America,Alex Kendrick
213,70000000,English,14.784525,127,0,1,0,0,0,0,0,1,1,0,0,0,0,1,0,0,0,4.0,0,0,0,0,0,0,0,0,0,0,1,0,0,0,0,0,0,0,0,0,5.0,0,0,0,0,0,0,0,1,0,0,0,0,0,0,0,0,0,0,0,0,0,0,0,0,0,0,0,0,0,0,0,0,0,0,0,0,0,0,0,0,0,0,0,0,0,0,0,0,0,0,0,0,0,0,1,0,13.0,0,Claire Danes,Charlie Cox,2008,09,07,Iceland,Matthew Vaughn
214,5000000,English,38.995135999999995,98,0,0,0,0,0,0,1,0,0,0,0,0,1,0,0,1,0,3.0,0,0,0,0,0,0,0,0,0,0,0,0,0,0,0,0,0,0,0,0,2.0,0,0,0,0,0,0,0,1,0,1,0,0,0,0,0,0,0,0,0,0,0,0,0,0,0,0,0,0,0,0,0,0,0,0,0,0,0,0,0,0,0,0,0,0,0,0,0,0,0,0,1,0,0,0,0,0,6.0,0,Zoey Deutch,Halston Sage,2003,02,17,United States of America,Ry Russo-Young
215,1000000,English,9.769134,93,0,0,0,1,0,0,0,0,0,0,0,0,0,0,0,0,0,1.0,0,0,0,0,0,0,0,0,0,0,0,0,0,0,0,0,0,0,0,0,4.0,0,0,0,0,0,0,0,0,0,0,0,0,0,0,0,0,0,0,0,0,0,0,0,0,0,0,0,0,0,0,0,0,0,0,0,0,0,0,0,0,0,0,0,0,0,0,0,0,0,0,0,0,0,0,0,1,5.0,0,Lake Bell,Fred Melamed,2008,09,13,United Kingdom,Lake Bell
216,45000000,English,8.588925999999999,112,0,0,0,0,0,0,1,0,0,0,0,1,0,1,0,0,0,3.0,0,0,0,0,0,0,0,0,0,0,0,0,1,0,0,0,0,0,0,0,2.0,0,0,0,0,0,0,0,0,0,0,0,0,0,0,0,0,0,0,0,0,0,0,0,0,0,0,0,0,0,0,0,0,0,0,0,0,0,0,0,0,0,0,0,0,0,0,0,0,0,0,0,0,0,0,0,1,3.0,0,Ryan Guzman,Briana Evigan,2014,07,16,United States of America,Trish Sie
217,180000000,English,45.382979999999996,109,1,1,0,0,0,0,0,0,0,0,0,0,0,0,0,0,0,2.0,0,0,0,1,0,0,0,0,0,0,0,0,0,0,0,0,1,0,0,0,7.0,0,0,0,0,0,0,0,0,0,0,0,0,0,0,0,0,0,0,0,0,0,0,0,0,0,0,0,0,0,0,0,0,0,0,0,0,0,0,0,0,0,0,0,0,0,0,0,0,0,0,0,0,0,0,0,0,5.0,0,Alexander Skarsg√•rd,Margot Robbie,2016,06,29,Canada,David Yates
218,33000000,English,14.794228,116,0,0,0,0,0,0,1,0,0,0,0,0,0,0,0,0,0,1.0,0,0,0,0,0,0,0,0,0,0,0,0,0,0,0,0,1,0,0,1,7.0,0,0,0,0,0,0,0,0,0,0,0,0,0,0,0,0,0,0,0,0,0,0,0,0,0,0,0,0,0,0,0,0,0,0,0,0,0,0,0,0,0,0,0,0,0,0,0,0,0,0,1,0,0,0,0,0,12.0,1,Clint Eastwood,Christopher Carley,2012,09,08,United States of America,Clint Eastwood
219,2000000,English,10.30535,109,0,0,0,0,0,1,0,0,0,0,0,0,0,0,0,0,0,1.0,0,0,0,0,0,0,0,0,0,0,0,0,0,0,0,0,0,0,0,0,2.0,0,0,0,0,0,0,0,0,0,0,0,0,0,0,0,0,0,0,0,0,0,0,0,0,0,0,0,0,0,0,0,0,0,0,0,0,0,0,0,0,0,0,0,0,0,0,0,0,0,0,0,0,0,0,0,0,16.0,0,Matt Damon,William Ackman,2010,08,10,United States of America,Charles Ferguson
220,35000000,English,9.529382,137,0,0,0,0,1,0,1,0,0,1,0,0,0,0,0,0,0,3.0,0,0,0,0,0,0,0,0,0,0,0,0,0,0,0,0,0,0,0,0,3.0,0,0,0,0,0,0,0,0,0,0,1,0,0,0,0,0,0,0,0,0,0,0,0,0,0,0,0,0,0,0,0,0,0,0,0,0,0,0,0,0,0,0,0,0,0,0,0,0,0,0,0,0,0,0,0,0,3.0,1,Leonardo DiCaprio,Josh Hamilton,2011,09,11,United States of America,Clint Eastwood
221,165000000,English,43.847654,115,1,1,0,0,0,0,0,0,1,0,0,0,0,0,1,0,0,4.0,0,0,0,0,0,0,0,0,0,0,0,0,0,0,0,0,0,0,1,0,2.0,0,1,0,0,0,0,1,0,0,0,0,0,0,0,1,0,0,0,0,0,0,0,0,0,0,0,0,0,0,0,0,1,1,0,0,0,0,0,0,0,0,0,0,0,0,0,0,0,1,0,0,0,0,0,0,0,11.0,0,Benedict Cumberbatch,Chiwetel Ejiofor,2016,10,25,United States of America,Ben Davis
222,14000000,English,11.183924000000001,74,0,0,1,1,0,0,0,1,0,0,0,0,0,0,0,0,0,3.0,0,0,0,0,0,0,0,0,0,0,0,0,0,0,0,0,0,0,1,0,2.0,0,0,0,0,0,0,0,0,0,0,0,0,0,0,0,0,0,0,0,0,0,0,0,0,0,0,0,0,0,1,0,0,0,0,0,0,0,0,0,0,0,0,0,0,0,0,0,0,0,0,0,0,0,0,0,0,5.0,0,Barrie Ingham,Val Bettin,1986,07,02,United States of America,Ron Clements
223,140000000,English,16.775716,88,1,1,0,1,0,0,0,0,0,0,0,0,0,0,1,0,0,4.0,1,1,1,0,0,0,0,0,0,0,0,0,0,0,0,0,0,0,0,0,4.0,0,0,0,0,0,1,0,0,0,0,0,0,0,0,0,0,0,0,0,0,0,0,0,0,0,0,0,0,0,0,0,0,0,0,0,0,0,0,0,0,0,0,0,0,1,0,0,0,0,0,0,0,0,0,0,0,13.0,0,Tommy Lee Jones,Will Smith,2007,03,02,United States of America,Barry Sonnenfeld
224,12000000,English,4.482330999999999,145,0,0,0,0,0,0,1,0,0,1,0,0,0,0,0,0,0,2.0,0,0,0,0,0,0,0,0,0,0,0,0,0,0,0,0,0,0,0,0,1.0,0,0,0,0,0,0,0,0,0,0,0,0,0,0,1,0,0,0,0,0,0,0,0,0,0,0,0,0,0,0,0,0,0,0,0,0,0,0,0,0,0,0,0,0,0,0,0,0,0,0,0,0,0,0,0,0,1.0,0,Eva Longoria,Andy Garc√≠a,2006,01,12,Mexico,Dean Wright
225,150000000,English,12.668733,89,0,0,1,0,0,0,0,1,0,0,0,0,0,0,0,0,0,2.0,0,0,0,0,1,0,0,0,0,0,0,0,0,0,0,0,0,0,0,0,1.0,0,0,1,0,0,0,0,0,0,0,0,0,0,0,1,0,0,0,0,0,0,0,0,0,1,0,0,0,1,0,0,0,0,0,0,0,0,0,0,0,0,0,0,0,0,1,0,0,0,0,0,0,0,0,0,0,17.0,0,Ben Stiller,Jada Pinkett Smith,2008,10,30,United States of America,Eric Darnell
226,15000000,English,8.593086999999999,92,0,0,0,0,0,0,1,0,0,0,0,0,0,1,0,0,0,2.0,0,0,0,0,0,0,0,0,0,0,0,0,0,0,0,0,0,0,0,0,6.0,0,0,0,0,0,0,0,1,0,0,0,0,0,0,0,0,0,0,0,0,0,1,0,0,0,0,1,0,0,0,1,0,0,0,0,0,1,0,0,0,0,0,0,1,0,0,1,0,0,0,1,0,0,0,0,0,25.0,0,Judi Dench,Cate Blanchett,2006,12,25,United Kingdom,Chris Menges
227,175000000,English,42.965027,123,1,1,0,0,1,0,0,0,1,0,0,0,0,0,1,0,0,5.0,0,0,0,0,0,0,1,0,0,0,0,0,0,0,0,0,0,0,0,1,5.0,0,0,0,0,0,0,0,0,0,0,0,0,0,0,0,0,0,0,0,0,0,0,0,0,0,0,0,0,0,0,0,0,0,0,0,0,0,0,0,0,0,0,0,0,0,0,0,0,1,0,0,0,0,0,0,0,8.0,0,Will Smith,Margot Robbie,2008,02,16,United States of America,David Ayer
228,1488423,English,16.263878,83,0,0,1,0,0,0,0,1,1,0,0,0,0,0,0,0,0,3.0,0,0,0,0,0,0,0,0,0,0,0,0,0,0,0,0,0,0,0,0,1.0,0,0,0,0,0,0,0,0,0,0,0,0,0,0,0,1,0,0,0,0,0,0,0,0,0,0,0,0,0,0,0,0,0,0,0,0,0,0,0,0,0,0,0,0,0,0,0,0,0,0,0,0,0,0,1,0,11.0,0,Adriana Caselotti,Lucille La Verne,1937,12,20,United States of America,David Hand
229,0,English,6.8894699999999975,118,0,0,0,0,0,0,1,0,0,0,0,0,0,1,0,0,0,2.0,0,0,0,0,0,0,0,0,0,0,0,0,0,0,0,0,0,0,0,0,2.0,0,0,0,0,0,0,0,0,0,0,0,0,0,0,0,0,0,0,0,0,0,0,0,0,0,0,0,0,0,0,0,0,0,0,0,0,0,0,0,0,0,0,0,0,0,0,0,0,0,0,0,0,0,0,0,0,5.0,0,Christian Bale,Cate Blanchett,2002,08,15,United States of America,Emmanuel Lubezki
230,5000000,English,9.098119,102,0,0,0,1,0,0,1,0,0,0,0,0,0,0,0,0,0,2.0,0,0,0,0,0,0,0,0,0,0,0,0,0,0,0,0,0,0,0,0,3.0,0,0,0,0,0,0,0,0,0,0,0,0,0,0,0,0,0,0,0,0,0,0,0,0,0,0,0,0,0,0,0,0,0,0,0,0,0,0,0,0,0,0,0,0,0,0,0,0,0,0,0,0,0,0,0,1,9.0,0,Amy Adams,Emily Blunt,2008,01,18,United States of America,John Toon
231,10000000,English,8.20519,94,1,1,0,0,1,0,1,0,0,0,0,0,0,1,0,0,0,5.0,0,0,0,0,0,0,0,0,0,0,0,0,0,0,0,1,0,0,0,0,1.0,0,0,0,0,0,0,0,0,0,0,0,0,0,0,0,0,0,0,0,0,0,0,0,0,0,0,0,0,0,0,0,0,0,0,0,0,0,0,0,0,0,0,0,0,0,0,0,0,0,0,0,0,0,0,0,0,4.0,0,Matt Dillon,Mickey Rourke,1983,10,20,United States of America,Francis Ford Coppola
232,0,English,1.215754,85,0,0,0,1,0,1,0,0,0,0,0,0,0,0,0,0,0,2.0,0,0,0,0,0,0,0,0,0,0,0,0,0,0,0,0,0,0,0,0,1.0,0,0,0,0,0,0,0,0,0,0,0,0,0,0,0,0,0,0,0,0,0,0,0,0,0,1,0,0,0,0,0,0,0,0,0,0,0,0,0,0,0,0,0,0,0,0,0,0,0,0,0,0,0,0,0,0,6.0,0,Jack Rebney,Ben Steinbauer,2009,03,14,United States of America,Ben Steinbauer
233,20000000,English,8.101247,104,0,0,0,1,0,0,0,0,0,0,0,0,0,1,0,0,0,2.0,0,0,0,0,0,1,0,0,0,0,0,0,0,0,0,0,0,0,0,0,2.0,0,0,0,0,0,0,0,0,0,0,0,0,0,0,1,0,0,0,0,0,0,0,0,0,0,0,0,0,0,0,0,0,0,0,0,0,0,0,0,0,0,0,0,0,0,0,0,0,0,0,0,0,0,0,0,0,8.0,0,Alice Eve,Jay Baruchel,2003,11,10,United States of America,Jim Denault
234,35000000,English,13.102383999999999,109,0,0,0,1,0,0,1,0,0,0,0,0,0,1,0,0,0,3.0,0,0,0,0,0,0,1,0,0,0,0,0,0,0,1,0,0,0,0,0,5.0,0,0,0,0,0,0,0,0,0,0,0,0,0,0,0,0,0,0,0,0,0,0,0,0,0,0,0,0,0,0,0,0,0,0,0,0,0,1,0,0,0,0,0,0,0,0,0,0,0,0,0,0,0,0,0,0,9.0,0,Meryl Streep,Anne Hathaway,2006,06,30,United States of America,David Frankel
235,110000000,English,11.902353999999999,114,1,0,0,0,0,0,0,0,1,0,1,0,0,0,0,1,0,4.0,0,0,1,0,0,0,0,0,0,0,0,1,0,0,0,0,0,0,0,0,7.0,0,0,0,0,0,0,1,0,0,0,0,0,0,0,0,1,0,0,0,0,0,0,0,0,0,0,0,0,0,0,0,0,0,0,0,0,0,0,0,0,0,0,0,0,0,0,0,0,0,0,0,0,0,0,0,0,8.0,0,Nicolas Cage,Eva Mendes,2007,02,16,United States of America,Mark Steven Johnson
236,200000000,English,36.567575,133,1,1,0,0,0,0,0,0,0,0,0,0,0,0,1,0,0,3.0,0,0,0,0,0,0,0,0,0,0,0,0,0,0,0,0,0,0,1,0,5.0,0,0,0,0,0,1,0,0,0,0,0,0,0,0,0,0,0,0,0,0,0,0,0,0,0,0,0,0,0,0,0,0,0,0,0,0,0,0,0,0,0,0,1,0,0,0,0,0,0,0,0,0,0,1,0,0,22.0,0,Felicity Jones,Diego Luna,2016,12,14,United States of America,Gareth Edwards
237,55000000,English,6.9976009999999995,104,1,1,0,0,0,0,0,0,1,0,0,0,0,0,0,0,0,3.0,0,0,0,0,0,0,0,0,0,0,0,1,0,0,0,0,0,0,0,0,4.0,0,0,0,0,0,0,0,0,0,0,0,0,0,0,0,0,0,0,0,0,0,0,0,0,0,0,0,0,0,0,0,0,0,0,0,0,0,0,0,0,0,0,0,0,0,0,0,0,0,0,1,0,0,0,0,0,7.0,0,Jackie Chan,Jet Li,2008,04,18,China,Peter Pau
238,150000000,English,16.229860000000002,93,0,1,1,1,0,0,0,1,1,0,0,0,0,0,0,0,0,5.0,0,0,0,0,1,1,0,0,0,0,0,0,0,0,0,0,0,0,0,0,3.0,0,0,0,0,0,0,0,0,0,0,0,0,0,0,0,0,0,0,0,0,0,0,0,0,0,0,0,0,0,0,0,1,0,0,0,0,0,0,0,1,0,0,0,0,0,0,0,0,0,0,0,0,0,0,0,0,10.0,0,Mike Myers,Eddie Murphy,2004,05,19,United States of America,Andrew Adamson
239,210000000,English,18.495599,165,1,1,0,0,0,0,0,0,0,0,0,0,0,0,1,0,0,3.0,1,0,0,0,0,0,0,0,0,0,1,0,0,0,0,0,0,0,0,0,8.0,0,0,0,0,0,1,0,0,0,0,0,0,0,0,0,0,0,0,0,0,0,0,0,0,1,0,0,0,0,0,0,0,0,0,0,0,0,0,0,0,0,0,1,0,0,1,0,0,0,0,0,0,0,0,0,0,7.0,0,Mark Wahlberg,Stanley Tucci,2014,06,25,United States of America,Michael Bay
240,30000000,English,15.91126,134,1,1,0,0,0,0,0,0,0,0,0,0,0,0,0,1,0,3.0,0,0,0,0,0,0,0,0,0,0,1,0,0,0,0,0,0,0,0,0,3.0,0,0,0,0,0,0,0,0,0,0,0,0,0,0,0,0,0,0,0,0,0,0,0,0,0,0,0,0,0,0,0,0,0,0,0,0,0,0,0,0,0,0,0,0,0,0,0,0,0,0,0,0,0,0,0,0,5.0,0,Alec Baldwin,Sean Connery,1990,03,02,United States of America,John McTiernan
241,40000000,English,6.807442,119,0,0,0,0,1,0,1,0,0,0,0,0,0,0,0,1,0,3.0,0,0,0,0,0,0,0,0,1,0,0,0,0,0,0,0,0,0,0,0,3.0,0,0,0,0,0,0,0,0,0,0,0,0,0,0,0,0,0,0,0,0,0,0,0,0,0,0,0,0,0,0,0,0,0,0,0,0,0,0,0,0,0,0,0,0,0,0,0,0,0,0,0,0,0,0,0,0,4.0,0,Matthew McConaughey,Marisa Tomei,2011,03,17,United States of America,Lukas Ettlin
242,66000000,English,13.206854000000002,122,1,0,0,0,0,0,0,0,1,0,0,0,0,0,1,0,0,3.0,0,1,0,1,0,0,0,0,0,0,0,0,0,0,0,0,0,0,0,0,5.0,0,0,0,0,0,0,0,0,0,0,0,0,0,0,1,0,0,0,0,0,0,0,0,0,0,0,0,0,0,0,0,0,0,0,0,0,0,0,0,0,0,0,0,0,0,0,0,0,1,0,0,0,0,0,0,0,11.0,0,Ron Perlman,Selma Blair,2004,02,04,United States of America,Guillermo Navarro
243,10000000,English,7.094276,80,0,0,0,0,0,0,0,0,0,0,1,0,1,0,0,1,0,3.0,0,0,0,0,0,0,0,0,0,0,0,1,0,0,0,1,0,0,0,0,4.0,0,0,0,0,0,0,0,0,0,0,0,0,0,0,0,0,0,0,0,0,0,0,0,0,0,0,0,0,0,0,0,0,0,0,0,0,0,0,0,0,0,0,0,0,0,0,0,0,0,0,0,0,0,0,0,0,2.0,0,Chris Messina,Jacob Vargas,2010,01,13,United States of America,Tak Fujimoto
244,215000000,English,31.102266999999998,136,1,1,0,0,0,0,0,0,1,0,0,0,0,0,0,0,0,3.0,0,1,0,0,0,0,0,0,0,0,0,0,0,0,0,0,0,0,0,0,3.0,0,0,0,0,0,0,0,0,0,0,0,0,0,0,1,0,0,0,0,0,0,0,0,0,0,0,0,0,0,0,0,0,1,0,0,0,0,0,0,0,0,0,0,0,0,0,0,0,0,0,0,0,0,0,0,0,12.0,0,Andrew Garfield,Emma Stone,2012,06,27,United States of America,John Schwartzman
245,15000000,English,10.394389,100,0,0,0,1,0,0,0,0,0,0,0,1,0,0,0,0,1,3.0,0,0,0,0,0,0,0,0,0,0,0,0,0,0,0,0,0,0,0,0,4.0,0,0,0,0,0,0,0,0,0,0,0,0,0,0,0,0,0,0,0,0,0,0,0,0,0,0,0,0,1,0,0,0,0,0,0,0,0,0,0,0,0,0,0,0,0,0,0,0,0,0,0,0,0,0,0,0,7.0,0,Bill Murray,Zooey Deschanel,2015,10,22,United States of America,Barry Levinson
246,30000000,English,7.7619539999999985,108,0,0,0,0,0,0,1,0,0,0,0,0,0,0,0,0,0,1.0,0,0,0,0,0,0,0,0,0,0,0,0,0,0,0,0,0,0,0,0,7.0,0,0,0,0,0,0,0,0,0,0,0,0,0,0,0,0,0,0,0,0,0,0,0,0,0,0,0,0,0,0,0,0,0,0,0,0,0,0,0,0,0,0,0,0,0,0,0,0,0,0,0,0,0,0,0,0,5.0,0,Robert Redford,Jennifer Lopez,2009,09,05,United States of America,Lasse Hallstr√∂m
247,6500000,English,6.53667,116,0,0,0,0,0,0,1,0,0,0,0,0,0,0,0,1,0,2.0,0,0,0,0,0,0,0,0,0,0,0,0,0,0,0,0,0,0,0,0,1.0,0,0,0,0,0,0,0,0,0,0,0,0,0,0,0,0,0,0,0,0,0,0,0,0,0,0,0,0,0,0,0,0,0,0,1,0,0,0,0,0,0,0,0,0,0,0,0,0,0,0,0,0,0,0,0,0,6.0,0,Brit Marling,Alexander Skarsg√•rd,2013,05,31,United Kingdom,Roman Vasyanov
248,80341000,Chinese,11.867516,150,1,1,0,0,0,0,1,0,0,0,0,0,0,0,0,0,0,3.0,0,0,0,0,0,0,0,0,0,0,0,0,0,0,0,0,0,0,0,0,3.0,0,0,0,0,0,0,0,0,0,0,0,0,0,0,0,0,0,0,0,0,0,0,0,0,0,0,0,0,0,0,0,0,0,0,0,0,0,0,0,0,0,0,0,0,0,0,0,0,0,0,0,0,0,0,0,0,12.0,0,Chang Chen,Hu Jun,2007,10,08,China,John Woo
249,25000000,English,9.920106,97,0,0,0,1,0,0,0,0,0,0,0,0,0,1,0,0,0,2.0,0,1,0,0,0,0,0,0,0,0,0,1,0,0,0,0,0,0,0,0,4.0,0,0,0,0,0,0,0,0,0,0,0,0,0,0,0,0,0,0,0,0,0,0,0,0,0,0,0,0,0,0,0,0,0,0,0,0,1,0,1,0,0,0,0,0,0,0,0,0,0,0,0,0,0,0,0,0,15.0,0,Anna Faris,Emma Stone,2008,08,22,United States of America,Shelly Johnson
250,10000000,English,9.42755,97,0,0,0,1,0,0,1,0,0,0,0,0,1,0,0,0,0,3.0,0,0,0,0,0,0,0,0,0,0,0,0,0,0,0,0,0,0,0,0,2.0,0,0,0,0,0,0,0,0,0,0,0,0,0,0,0,0,0,0,0,0,0,0,0,0,0,0,0,0,0,0,0,0,0,0,0,0,0,0,0,0,0,0,0,0,0,0,0,0,0,0,0,0,0,0,0,0,9.0,0,Ben Stiller,Naomi Watts,2004,03,15,United States of America,Noah Baumbach
251,65000000,English,15.045725,104,0,0,0,1,0,0,0,1,1,0,0,0,0,0,0,0,0,3.0,0,0,0,0,0,0,0,0,0,0,0,0,0,0,0,0,0,0,1,0,1.0,0,0,0,0,0,0,0,0,0,0,0,0,0,0,0,0,0,0,0,0,0,0,0,0,0,0,0,0,0,0,0,0,0,0,0,0,0,0,0,0,0,0,0,0,0,0,0,0,0,0,0,0,0,0,0,0,7.0,0,Bruce Willis,Spencer Breslin,2000,07,07,United States of America,Jon Turteltaub
252,30000000,English,8.764548,113,0,0,0,0,0,0,0,0,0,0,1,0,0,0,0,1,0,2.0,0,1,0,1,0,0,0,0,0,0,0,0,0,0,0,0,0,0,0,0,4.0,0,0,0,0,0,0,0,0,0,0,0,0,0,0,0,0,0,0,0,0,0,0,0,0,0,0,0,0,0,0,0,0,0,0,0,0,0,0,0,0,0,0,0,0,0,0,0,0,0,0,0,1,0,0,0,0,9.0,0,Josh Hartnett,Melissa George,2007,10,17,New Zealand,David Slade
253,0,English,11.036729,93,0,0,0,1,0,0,0,0,0,0,0,0,0,1,0,0,0,2.0,0,0,0,0,0,0,0,0,0,0,0,0,0,0,0,1,0,0,0,0,3.0,0,0,0,0,0,0,0,0,0,0,0,0,0,0,0,0,0,0,0,0,0,0,0,0,0,0,0,0,0,0,0,0,0,0,0,0,0,0,0,0,0,0,0,0,0,0,0,0,0,0,0,0,0,0,0,0,6.0,0,John Cleese,Jamie Lee Curtis,1997,01,24,United Kingdom,Adrian Biddle
254,30000000,English,13.041943,118,0,0,0,0,0,0,1,0,0,0,0,0,0,0,0,0,0,1.0,0,0,0,0,0,0,0,0,0,0,0,0,0,0,0,0,0,0,0,0,4.0,0,0,0,0,0,0,0,1,0,0,0,0,0,0,0,0,0,0,0,0,0,0,0,1,0,0,0,0,0,0,0,0,0,0,0,0,0,0,1,0,0,0,0,0,0,0,1,1,0,0,1,0,0,0,0,0,19.0,0,Billy Bob Thornton,Lucas Black,2010,08,04,United States of America,Tobias A. Schliessler
255,8500000,English,21.277073,117,0,0,0,0,1,0,1,0,0,0,0,0,0,0,0,1,0,3.0,0,0,0,0,0,0,0,0,0,0,0,0,0,0,0,0,0,0,0,0,2.0,0,0,0,0,0,0,0,0,0,0,0,0,0,0,0,0,0,0,0,0,0,0,0,0,0,0,0,0,0,0,0,0,0,0,0,0,0,0,0,0,0,0,0,0,0,0,0,0,0,0,0,0,0,0,0,0,10.0,0,Jake Gyllenhaal,Rene Russo,2014,10,23,United States of America,Dan Gilroy
256,0,English,5.30588,97,0,0,0,0,0,0,1,0,0,0,0,0,0,0,1,1,0,3.0,0,0,0,0,0,0,0,0,0,0,0,0,0,0,0,0,0,0,0,0,7.0,0,0,0,0,0,0,0,1,0,0,0,0,0,0,0,0,1,0,0,0,0,0,0,0,0,0,0,0,1,0,0,0,0,0,0,0,0,0,0,0,0,0,0,0,0,0,0,0,0,0,0,0,0,0,0,0,16.0,0,Margot Robbie,Chiwetel Ejiofor,2015,08,13,Iceland,Craig Zobel
257,150000000,English,17.836882,131,1,1,0,0,0,0,0,0,0,0,0,0,0,0,0,1,0,3.0,0,0,0,0,0,0,0,0,0,0,1,0,0,0,0,0,0,0,0,0,7.0,0,0,0,0,0,0,0,0,0,0,0,0,0,0,0,0,0,0,0,0,0,0,0,0,0,0,0,0,0,1,0,0,0,0,0,0,0,0,0,0,0,0,0,0,0,1,0,0,0,0,0,0,0,0,0,0,9.0,0,Tom Cruise,Rebecca Ferguson,2015,07,23,China,Robert Elswit
258,6000000,English,5.799373,104,0,0,0,1,0,0,1,0,0,0,0,0,0,0,0,0,0,2.0,0,0,0,0,0,0,0,0,0,0,0,0,0,0,0,0,0,0,0,0,2.0,0,0,0,0,0,0,0,1,1,0,1,0,0,0,0,0,0,0,0,0,0,0,0,0,0,0,0,0,0,0,0,0,0,0,0,0,0,0,0,0,0,0,0,0,0,0,0,0,0,0,0,0,0,0,0,0,3.0,0,Maggie Smith,Alex Jennings,2015,11,13,United Kingdom,Nicholas Hytner
259,28000000,English,16.357419,90,0,1,1,1,0,0,0,1,1,0,0,0,0,1,0,0,0,6.0,0,0,0,0,0,0,0,0,0,0,0,0,0,0,0,0,0,0,1,0,1.0,0,1,0,0,0,0,0,0,0,0,0,0,0,0,0,0,0,0,0,0,0,0,0,0,0,0,0,0,0,0,1,1,0,0,0,1,0,0,0,0,0,0,0,0,0,0,0,0,0,0,0,0,0,0,0,0,12.0,0,Scott Weinger,Robin Williams,1992,11,25,United States of America,Ron Clements
260,22000000,English,7.8596059999999985,114,1,0,0,0,1,0,1,0,0,0,0,0,0,0,0,1,0,4.0,0,0,0,0,0,0,0,0,0,0,0,0,0,0,0,0,0,0,0,0,4.0,0,0,0,1,0,0,0,0,0,0,0,0,0,0,0,0,0,0,0,0,0,0,0,0,0,0,0,0,0,0,0,0,0,0,0,0,0,0,0,1,0,0,0,0,0,0,0,0,0,0,0,0,0,0,0,0,10.0,0,Don Cheadle,Guy Pearce,2008,08,23,United States of America,Jeffrey Nachmanoff
261,3500000,English,11.107914,112,0,0,0,0,0,0,1,0,0,0,0,0,0,1,0,0,0,2.0,0,0,0,0,0,0,0,0,0,0,0,0,0,0,0,0,0,0,0,0,7.0,0,0,0,0,0,0,0,0,0,0,0,0,0,0,0,0,0,0,0,0,0,0,0,0,0,0,0,0,0,0,1,0,0,0,0,0,0,0,0,0,0,0,0,0,0,0,0,0,0,0,0,0,0,0,0,0,10.0,0,Ryan Gosling,Michelle Williams,2010,12,27,United States of America,Andrij Parekh
262,160000000,English,0.738633,132,1,1,0,0,0,0,0,0,0,0,0,0,0,0,1,0,0,3.0,0,0,0,0,0,0,1,0,0,0,0,0,0,0,1,0,0,0,0,0,9.0,0,0,0,0,0,0,1,0,0,0,0,1,0,0,0,0,0,0,0,0,0,0,0,0,0,0,0,0,0,0,0,0,1,0,0,0,0,0,0,0,0,0,0,0,0,0,0,0,1,0,0,0,0,0,0,0,12.0,0,James McAvoy,Michael Fassbender,2011,05,24,United States of America,John Mathieson
263,2000000,English,11.528147,83,0,0,0,1,0,0,0,0,0,0,0,0,0,0,0,0,0,1.0,0,0,0,0,0,0,0,0,0,0,0,0,0,0,0,0,0,0,0,0,2.0,0,0,0,0,0,0,0,0,0,0,0,0,0,0,0,0,0,0,0,0,0,0,0,0,0,1,0,0,0,0,0,0,0,0,0,0,0,0,0,0,0,0,0,0,0,0,0,0,0,0,0,0,0,0,0,0,6.0,0,Harvey Keitel,Lou Reed,1995,09,15,United States of America,Paul Auster
264,69000000,English,35.637691,116,1,0,0,1,0,0,0,0,0,0,0,0,0,0,0,0,0,2.0,0,0,0,0,0,0,0,0,0,0,1,0,0,0,0,0,0,0,0,0,7.0,0,0,0,0,0,0,0,0,0,0,0,0,0,0,0,0,0,0,0,0,0,0,0,0,0,0,0,0,0,0,0,0,0,0,0,0,0,0,0,0,0,0,0,0,0,0,0,0,0,0,0,0,0,0,0,0,6.0,0,Dwayne Johnson,Zac Efron,2005,12,17,United States of America,Seth Gordon
265,4000000,English,4.725299,90,0,0,0,1,1,0,0,0,0,0,0,0,0,1,0,1,0,4.0,0,0,0,0,0,0,0,0,0,0,0,0,0,0,0,0,0,0,0,0,7.0,0,0,0,0,1,0,0,0,0,0,0,0,0,0,0,0,0,0,0,0,0,0,0,0,0,0,0,0,0,0,0,0,0,0,0,0,0,0,0,0,0,0,0,0,0,0,0,0,0,0,0,0,0,0,0,0,5.0,0,Ben Kingsley,T√©a Leoni,2002,09,07,United States of America,Jeff Jur
266,0,English,2.991742,107,1,0,0,1,0,0,0,0,0,0,0,0,0,0,0,0,0,2.0,0,0,0,0,0,0,0,0,0,0,0,0,0,0,0,0,0,0,0,1,1.0,0,0,0,0,0,0,0,0,0,0,0,0,0,0,0,0,0,0,0,0,0,0,0,0,0,0,0,0,0,0,0,0,0,0,0,0,0,0,0,0,0,0,0,0,0,0,0,0,0,0,0,0,0,0,0,0,2.0,0,Burt Reynolds,Robert Klein,1978,07,28,United States of America,Bobby Byrne
267,75000000,English,15.402378,91,0,0,1,1,0,0,0,1,1,0,0,0,0,0,0,0,0,4.0,1,1,0,0,0,0,0,0,0,0,0,0,0,0,0,0,0,0,0,0,5.0,0,0,0,0,0,0,0,0,0,0,0,0,0,0,0,0,0,0,0,0,0,0,0,0,0,0,0,0,0,0,0,0,0,1,0,0,0,0,0,0,0,0,0,1,0,0,0,0,0,0,0,0,0,0,0,0,7.0,0,Ryan Newman,Steve Buscemi,2006,07,21,United States of America,Xavier Grobet
268,12000000,English,5.264551,122,0,0,0,1,0,0,0,0,0,0,0,0,0,1,0,0,0,2.0,0,0,0,0,0,0,0,0,0,0,0,0,0,0,0,0,0,0,0,0,1.0,0,0,0,0,0,0,0,0,0,0,0,0,0,0,1,0,0,0,0,0,0,0,0,0,0,0,0,0,0,0,1,0,0,0,0,0,0,0,0,0,0,0,0,0,0,0,0,0,0,0,0,0,0,0,0,0,8.0,0,Michael Ealy,Jerry Ferrara,2012,04,16,United States of America,Tim Story
269,4090000,Hindi,1.932489,102,1,0,0,1,0,0,0,0,0,0,0,0,0,0,0,0,0,3.0,0,0,0,0,0,0,0,0,0,0,0,0,0,0,0,0,0,0,0,0,1.0,0,0,0,0,0,0,0,0,0,0,0,0,0,0,0,0,0,0,0,0,0,0,0,0,0,0,0,0,0,0,0,0,0,0,0,0,0,0,0,0,0,0,0,0,0,0,0,0,0,0,0,0,0,0,0,0,2.0,0,Imran Khan,Kunaal Roy Kapur,2007,01,11,India,Abhinay Deo
270,70000000,English,16.89564,153,1,0,0,0,0,0,1,0,0,0,0,0,0,0,0,1,1,4.0,0,0,0,0,0,0,0,0,0,0,0,0,0,1,0,1,0,0,0,0,5.0,0,0,0,0,0,0,0,0,0,0,0,0,0,0,0,0,0,0,0,0,0,0,1,0,0,0,0,0,0,0,0,0,0,0,0,0,0,1,0,0,0,0,0,0,0,0,0,0,0,0,0,0,1,0,0,0,22.0,0,Brad Pitt,M√©lanie Laurent,2009,08,18,Germany,Quentin Tarantino
271,0,Korean,8.157886999999999,103,0,0,0,0,0,0,1,0,0,0,0,0,0,0,0,0,0,1.0,0,0,0,0,0,0,0,0,0,0,0,0,0,0,0,0,0,0,0,0,7.0,0,0,0,0,0,0,0,0,0,0,0,0,0,0,0,1,0,0,0,0,0,0,0,0,0,0,0,0,0,0,0,0,0,0,0,0,0,0,0,0,0,0,0,0,0,0,0,0,0,0,0,0,0,0,0,0,22.0,0,Kim Ki-duk,Kim Young-min,2003,09,19,South Korea,Kim Ki-duk
272,25000000,English,5.4305660000000024,113,0,0,0,0,0,0,1,0,0,0,0,0,0,0,0,0,1,2.0,0,0,0,0,0,0,0,0,0,0,1,0,0,0,0,0,0,0,0,0,4.0,0,0,0,0,0,0,0,0,0,0,0,0,0,0,0,0,0,0,0,0,0,0,0,0,0,0,0,0,0,0,0,0,0,0,0,0,0,0,0,0,0,0,0,0,0,0,0,0,0,0,0,0,0,0,0,1,4.0,0,Ryan Phillippe,Abbie Cornish,2008,03,28,United States of America,Kimberly Peirce
273,8000000,English,8.051447999999999,118,1,0,0,0,1,0,0,0,0,0,0,0,0,0,0,1,0,3.0,0,0,0,0,0,0,0,0,0,0,0,0,0,0,0,0,0,0,0,0,2.0,0,0,0,0,0,0,0,0,0,0,0,0,0,0,0,0,0,0,0,0,0,1,0,0,0,0,0,0,0,0,0,0,0,0,0,0,0,0,0,0,0,1,0,0,0,1,0,0,0,0,0,0,0,0,0,0,6.0,0,Sean Patrick Flanery,Norman Reedus,2009,11,24,United States of America,Troy Duffy
274,1000000,English,5.747675,83,0,0,0,0,0,0,0,0,0,0,1,0,0,0,0,1,0,2.0,0,0,0,0,0,0,0,0,0,0,0,0,0,0,0,0,0,0,0,0,2.0,0,0,0,0,0,0,0,0,0,0,0,0,0,0,0,0,0,0,0,0,0,0,0,0,0,0,0,0,0,0,0,0,0,0,0,0,0,0,0,0,0,0,0,0,0,0,0,0,0,0,0,0,0,0,0,0,5.0,0,Fernanda Andrade,Simon Quarterman,2001,06,12,United States of America,William Brent Bell
275,40000000,English,36.447603,89,1,0,0,0,0,0,0,0,0,0,0,0,0,0,1,0,0,2.0,0,0,0,0,0,0,0,0,0,0,0,0,0,0,0,1,0,0,0,0,5.0,0,0,0,0,0,0,0,0,0,0,0,0,0,1,0,0,0,0,0,0,0,0,0,0,1,0,0,0,0,0,0,0,0,0,0,0,0,0,0,0,0,0,0,0,0,0,0,0,0,0,0,0,0,0,0,0,14.0,0,Scarlett Johansson,Morgan Freeman,2014,07,14,France,Luc Besson
276,15000000,English,5.245883,101,0,0,0,0,0,0,0,0,0,0,1,0,1,0,0,0,0,2.0,0,0,0,0,0,0,0,0,1,0,0,0,0,0,0,0,0,0,0,0,1.0,1,1,0,0,0,0,0,0,0,0,0,0,0,0,0,0,0,0,0,0,0,0,0,0,0,0,0,0,0,0,0,0,0,0,0,0,0,0,0,0,1,0,0,0,0,0,0,0,0,0,0,0,0,0,0,0,9.0,0,Jensen Ackles,Jaime King,2009,01,16,United States of America,Patrick Lussier
277,27000000,English,7.600017,106,0,0,0,0,1,0,0,0,0,0,0,0,1,0,0,1,0,3.0,0,0,0,0,0,0,0,0,0,0,0,0,0,0,0,0,0,0,0,0,10.0,0,0,0,0,0,0,0,0,0,0,0,0,0,0,0,0,0,0,0,0,0,0,0,0,0,0,0,1,0,0,0,0,0,0,0,0,0,0,0,0,0,0,0,0,0,0,0,0,0,0,0,0,0,0,0,0,4.0,0,LL Cool J,Jonny Lee Miller,2005,07,04,Finland,Jon Billington
278,0,English,8.359021,94,0,0,0,0,1,1,0,0,0,1,0,0,0,0,0,1,0,4.0,0,0,0,0,0,0,0,0,0,0,0,0,0,0,0,0,0,0,0,0,5.0,0,0,0,0,0,0,0,0,0,0,0,0,0,0,0,0,0,0,0,0,0,0,0,0,0,1,0,0,0,0,0,0,0,0,0,0,0,0,0,0,0,0,0,0,0,0,0,0,0,0,0,0,0,0,0,0,10.0,0,Philippe Petit,Jean Fran√ßois Heckel,2008,07,25,United Kingdom,Igor Martinoviƒá
279,110000000,English,27.887186,119,0,1,0,0,0,0,0,0,0,0,0,0,0,0,1,1,0,3.0,0,0,0,0,0,0,0,0,0,0,0,0,1,0,0,0,0,0,0,0,4.0,1,0,0,0,0,0,0,1,0,0,0,0,0,0,0,0,1,0,0,0,0,0,0,0,0,0,0,0,0,0,0,0,0,0,0,0,0,0,0,0,0,0,0,0,0,1,0,0,0,0,0,0,0,0,0,0,8.0,0,Shailene Woodley,Theo James,2015,03,18,United States of America,Florian Ballhaus
280,20000000,English,9.362055999999999,100,0,0,0,1,0,0,0,0,0,0,0,0,0,0,0,0,0,1.0,0,0,0,0,0,0,0,0,0,0,0,0,0,0,0,0,0,0,0,0,3.0,0,0,0,1,0,0,0,0,0,0,0,0,0,0,0,0,0,0,1,0,0,0,0,0,0,0,0,0,0,0,0,0,0,0,0,0,0,0,1,0,0,0,0,0,0,0,0,0,0,0,0,0,0,0,0,0,7.0,0,Mila Kunis,Kristen Bell,2016,07,28,United States of America,Jon Lucas
281,5000000,English,14.830235,94,0,0,0,0,1,0,1,0,0,0,0,0,0,0,0,0,0,2.0,0,0,0,0,0,0,0,0,0,0,0,0,0,0,0,0,0,0,0,0,8.0,0,0,0,0,0,0,0,0,0,0,0,0,0,1,0,0,0,0,0,1,0,0,0,0,0,0,0,0,0,0,0,0,0,0,0,0,1,0,1,0,0,0,0,0,0,0,1,0,0,0,0,0,0,0,0,0,11.0,0,James Franco,Selena Gomez,2013,01,24,France,Harmony Korine
282,8000000,English,12.521071000000001,92,0,0,0,0,0,0,0,0,0,0,1,0,0,0,1,1,0,3.0,0,0,0,0,0,0,0,0,0,0,0,0,0,0,0,0,0,0,0,0,2.0,0,0,0,0,0,0,0,0,0,0,0,0,0,0,0,0,0,0,0,0,0,0,0,0,0,0,0,0,0,0,0,0,0,0,0,0,0,0,0,0,0,0,1,0,0,0,0,0,0,0,0,0,0,0,0,0,4.0,0,Kate Mara,Anya Taylor-Joy,2009,01,16,United States of America,Luke Scott
283,5000000,English,1.744659,121,0,0,0,0,0,0,0,0,0,0,0,0,1,0,0,1,0,2.0,0,0,0,0,0,0,0,0,0,0,0,0,0,0,0,0,0,0,0,0,1.0,0,0,0,0,0,0,0,0,0,0,0,0,0,0,0,0,0,0,0,0,0,0,0,0,0,0,0,0,0,0,0,0,0,0,1,0,0,0,0,0,0,0,0,0,0,0,0,0,0,1,0,0,0,0,0,0,5.0,0,Tygh Runyan,Dominique Swain,2011,04,13,United States of America,Monte Hellman
284,80000000,English,23.981251,102,0,0,0,1,0,0,0,0,0,0,0,0,0,0,0,0,0,1.0,0,1,0,0,0,0,0,0,0,0,0,1,0,0,0,0,0,0,0,0,3.0,0,0,0,0,0,0,0,0,0,0,0,0,0,0,0,0,0,0,0,0,0,0,0,0,0,0,0,0,0,0,0,0,0,0,0,0,0,0,0,0,0,0,0,0,0,0,0,0,0,0,0,0,0,0,0,0,5.0,0,Adam Sandler,Salma Hayek,2010,06,24,United States of America,Dennis Dugan
285,1000000,English,8.570312,92,0,0,0,0,0,1,0,0,0,0,0,0,0,0,0,0,0,1.0,0,0,0,0,0,0,0,0,0,0,0,0,0,0,0,0,0,0,0,0,3.0,0,0,0,0,0,0,0,0,0,0,0,0,0,0,0,0,0,0,0,0,0,0,0,0,0,1,0,0,0,0,0,0,0,0,0,0,0,0,0,0,0,0,0,0,0,0,0,0,0,0,0,0,0,0,0,0,3.0,0,Martin Sheen,Mel Gibson,2008,04,06,United States of America,Chris Paine
286,40000000,English,13.284360000000001,146,0,0,0,0,0,0,0,0,0,0,1,0,1,0,1,1,0,4.0,0,0,0,0,0,0,0,0,0,0,0,0,0,0,0,0,0,0,0,0,6.0,0,0,0,0,0,0,0,0,0,0,0,0,0,1,0,0,0,0,0,0,0,0,0,0,0,0,0,0,0,0,0,0,0,0,0,0,0,0,0,0,0,0,0,0,0,0,0,0,0,0,0,0,1,0,0,0,17.0,0,Dane DeHaan,Jason Isaacs,2017,02,15,Germany,Gore Verbinski
287,52000000,English,6.885592999999999,92,1,0,0,0,1,0,0,0,0,0,0,0,0,0,0,1,0,3.0,0,0,0,0,0,0,0,0,0,0,0,0,0,0,0,0,0,0,0,0,8.0,0,0,0,0,0,0,0,0,0,0,0,1,0,0,0,0,0,0,0,0,0,0,0,0,0,0,0,0,0,0,0,0,0,0,0,0,0,1,0,0,0,0,0,0,0,0,0,0,0,0,0,0,0,0,0,0,14.0,0,John Travolta,Jonathan Rhys Meyers,2002,05,10,United Kingdom,Pierre Morel
288,1987650,English,7.389436999999999,94,0,0,0,0,0,0,1,0,0,0,0,0,1,0,0,1,0,3.0,0,0,0,0,0,0,0,0,0,0,0,0,0,0,0,0,0,0,0,0,4.0,0,1,0,0,0,0,0,0,0,0,0,0,0,0,0,0,0,0,0,0,0,0,0,0,0,0,0,0,0,0,0,0,0,0,0,0,0,0,0,0,0,0,0,0,0,0,0,0,0,0,0,0,0,0,0,0,15.0,0,Ryan Reynolds,Jos√© Luis Garc√≠a P√©rez,2010,09,24,Spain,Rodrigo Cort√©s
289,150000000,English,22.038404999999997,115,0,1,0,1,0,0,0,1,1,0,0,0,0,0,0,0,0,4.0,0,0,0,0,0,0,0,0,0,0,0,0,0,0,0,0,1,0,0,1,6.0,0,0,0,0,0,0,0,1,0,0,0,0,0,0,0,0,0,0,0,0,0,0,0,0,0,0,0,0,0,1,0,0,0,0,0,0,0,0,0,0,0,0,0,0,0,0,0,0,0,0,0,0,0,0,0,0,10.0,0,Johnny Depp,Freddie Highmore,2005,07,13,Australia,Tim Burton
290,11000000,English,6.390463,114,0,1,0,0,0,0,0,0,0,0,0,0,0,0,0,0,0,1.0,0,0,0,0,0,0,0,0,0,0,0,0,0,0,0,0,0,0,0,0,4.0,0,0,0,0,0,0,0,0,0,0,0,0,0,0,0,0,0,0,0,0,0,0,0,0,0,0,0,0,0,0,0,0,0,0,0,0,0,0,0,0,0,0,0,0,0,0,0,0,0,0,0,0,0,0,0,1,1.0,0,Dakota Fanning,Queen Latifah,2008,09,17,United States of America,Rogier Stoffers
